t,days_to_reentry,M2_cell,H_t,p_t,P_forward,artifact_flag
0,730.17,8,3.439350,0.0000,0.052100,0
1,730.08,8,3.255261,0.0000,0.052000,0
2,729.58,8,3.276187,0.0000,0.051900,0
3,729.58,8,3.063357,0.0000,0.052100,0
4,729.08,8,3.139679,0.0000,0.053100,0
5,728.83,8,3.231971,0.0000,0.053800,0
6,728.42,8,3.036801,0.0000,0.051400,0
7,728.17,8,2.849718,0.0000,0.051900,0
8,728.08,8,2.569133,0.0000,0.056400,0
9,727.42,8,2.955799,0.0000,0.052500,0
10,727.08,8,2.636319,0.0000,0.057200,0
11,726.42,12,2.366094,0.0000,0.042600,0
12,726.08,12,2.136736,0.0000,0.043200,0
13,725.50,12,1.920347,0.0000,0.042300,0
14,725.42,12,1.765438,0.0000,0.044700,0
15,725.17,12,1.567237,0.0000,0.044800,0
16,724.50,12,1.367695,0.0000,0.043700,0
17,724.17,19,1.170730,0.0000,0.019200,0
18,723.42,19,1.006365,0.0000,0.019200,0
19,722.42,19,0.803619,0.0000,0.020200,0
20,722.17,0,0.612603,0.0000,0.021200,0
21,722.08,0,0.408802,0.0000,0.018400,0
22,721.83,3,0.226006,0.0000,0.029400,0
23,721.42,17,0.026556,0.0000,0.045200,0
24,721.17,9,0.284663,0.0000,0.097200,0
25,721.08,5,0.529731,0.0000,0.158700,0
26,720.42,5,0.646608,0.0000,0.155500,0
27,720.17,5,0.788908,0.0000,0.154200,0
28,720.08,5,0.927369,0.0000,0.159100,0
29,719.83,5,0.923545,0.0000,0.152100,0
30,719.42,11,0.995838,0.0000,0.233000,0
31,719.17,11,0.944617,0.0000,0.227900,0
32,719.08,11,0.979942,0.2000,0.224700,0
33,718.83,5,0.907030,0.0000,0.154900,0
34,718.42,5,0.871681,0.0000,0.150900,0
35,718.17,5,0.802883,0.0000,0.159200,0
36,718.08,5,0.747203,0.0000,0.156100,0
37,717.42,5,0.728379,0.0000,0.155500,0
38,717.17,9,0.489737,0.0000,0.096200,0
39,717.08,9,0.389669,0.0000,0.096500,0
40,716.83,9,0.343144,0.0000,0.097500,0
41,716.42,9,0.334638,0.0000,0.100000,0
42,716.17,9,0.325725,0.0000,0.094400,0
43,716.08,9,0.321909,0.0000,0.096200,0
44,715.42,9,0.321885,0.0000,0.099300,0
45,715.08,9,0.330939,0.0000,0.099000,0
46,714.75,9,0.345037,0.0000,0.092900,0
47,714.08,9,0.354540,0.0000,0.096800,0
48,713.42,9,0.379970,0.0000,0.100000,0
49,713.42,9,0.388335,0.0000,0.092700,0
50,713.08,9,0.419163,0.0000,0.092500,0
51,712.42,9,0.418314,0.0000,0.091400,0
52,712.17,9,0.420908,0.0000,0.096600,0
53,712.08,9,0.410944,0.0000,0.095500,0
54,711.83,9,0.399941,0.0000,0.092900,0
55,711.50,9,0.386730,0.0000,0.094100,0
56,711.42,9,0.364852,0.0000,0.087800,0
57,711.17,9,0.350310,0.0000,0.096700,0
58,711.08,9,0.319638,0.0000,0.095800,0
59,710.42,9,0.266457,0.0000,0.096800,0
60,710.17,9,0.260394,0.2000,0.093100,0
61,709.75,9,0.228043,0.0000,0.093700,0
62,709.50,9,0.189797,0.0000,0.093200,0
63,709.17,17,0.152725,0.0000,0.043300,0
64,708.67,17,0.155928,0.0000,0.043200,0
65,708.08,17,0.171470,0.0000,0.044200,0
66,707.42,9,0.247749,0.2000,0.095200,0
67,707.08,9,0.264089,0.0000,0.093300,0
68,706.83,9,0.310003,0.0000,0.093900,0
69,706.42,9,0.399037,0.0000,0.096400,0
70,706.17,9,0.389005,0.0000,0.092200,0
71,706.08,9,0.462608,0.0000,0.092700,0
72,705.83,9,0.238713,0.0000,0.097400,0
73,705.50,9,0.210469,0.0000,0.096200,0
74,705.42,9,0.216793,0.0000,0.090900,0
75,705.17,9,0.230975,0.0000,0.095300,0
76,705.08,9,0.241844,0.0000,0.093500,0
77,704.83,9,0.237831,0.0000,0.095600,0
78,704.50,9,0.235781,0.0000,0.092900,0
79,704.42,9,0.235393,0.0000,0.094700,0
80,704.08,9,0.344145,0.0000,0.097300,0
81,703.83,5,0.609057,0.0000,0.160900,0
82,703.42,5,0.580472,0.0000,0.159600,0
83,703.33,5,0.572458,0.0000,0.160300,0
84,703.08,5,0.581146,0.0000,0.158100,0
85,702.83,5,0.618758,0.0000,0.159500,0
86,702.50,5,0.668418,0.0000,0.159100,0
87,702.50,5,0.595384,0.0000,0.157000,0
88,702.17,5,0.604079,0.0000,0.158100,0
89,702.08,5,0.609006,0.0000,0.160100,0
90,701.42,5,0.595031,0.0000,0.154800,0
91,701.08,5,0.579135,0.0000,0.154200,0
92,700.75,5,0.625991,0.0000,0.159100,0
93,700.42,5,0.625529,0.0000,0.154300,0
94,700.17,5,0.628131,0.0000,0.162300,0
95,700.08,5,0.604812,0.0000,0.160600,0
96,699.83,5,0.627419,0.2000,0.157100,0
97,699.08,5,0.611286,0.0000,0.158600,0
98,698.75,5,0.608575,0.0000,0.160900,0
99,698.50,5,0.606197,0.0000,0.163600,0
100,698.42,5,0.601385,0.0000,0.163100,0
101,698.08,9,0.475934,0.0000,0.095400,0
102,697.83,5,0.571283,0.0000,0.156700,0
103,697.50,5,0.558329,0.0000,0.165200,0
104,697.42,5,0.554573,0.0000,0.160600,0
105,697.08,5,0.561357,0.0000,0.155600,0
106,696.83,5,0.569189,0.0000,0.152100,0
107,696.75,5,0.558260,0.0000,0.156400,0
108,696.08,5,0.551845,0.0000,0.155800,0
109,696.08,5,0.556380,0.0000,0.153900,0
110,695.75,5,0.539567,0.0000,0.156000,0
111,695.42,9,0.419535,0.0000,0.096900,0
112,695.33,9,0.423391,0.0000,0.093400,0
113,695.08,9,0.446012,0.0000,0.091400,0
114,694.83,9,0.472951,0.0000,0.091100,0
115,694.50,5,0.503342,0.0000,0.160600,0
116,694.08,5,0.509111,0.0000,0.158500,0
117,693.42,5,0.545136,0.0000,0.154300,0
118,693.33,5,0.580037,0.0000,0.157200,0
119,692.42,5,0.575196,0.0000,0.157400,0
120,692.08,5,0.596380,0.0000,0.157200,0
121,691.42,5,0.589877,0.0000,0.159400,0
122,691.25,5,0.521242,0.0000,0.148600,0
123,691.25,5,0.514982,0.0000,0.162200,0
124,690.08,5,0.500626,0.0000,0.157200,0
125,689.50,9,0.466370,0.2000,0.091800,0
126,689.42,5,0.523103,0.0000,0.157200,0
127,689.17,5,0.597203,0.0000,0.158300,0
128,689.08,5,0.598270,0.0000,0.158500,0
129,688.83,5,0.596838,0.0000,0.159500,0
130,688.42,5,0.586668,0.0000,0.157300,0
131,688.42,5,0.582589,0.0000,0.162100,0
132,688.17,5,0.595441,0.0000,0.154100,0
133,688.08,5,0.607214,0.0000,0.160000,0
134,687.42,5,0.607270,0.0000,0.161700,0
135,687.33,5,0.598062,0.0000,0.153100,0
136,686.75,5,0.595819,0.0000,0.159800,0
137,686.42,5,0.594328,0.2000,0.157100,0
138,686.08,5,0.589464,0.0000,0.159900,0
139,685.67,5,0.585845,0.0000,0.156600,0
140,685.42,5,0.573775,0.0000,0.159800,0
141,685.08,5,0.578742,0.0000,0.157400,0
142,685.08,5,0.598675,0.0000,0.157000,0
143,684.42,5,0.603135,0.0000,0.157400,0
144,684.08,5,0.612310,0.0000,0.159400,0
145,683.75,5,0.609587,0.0000,0.159700,0
146,683.42,5,0.612155,0.0000,0.155600,0
147,683.08,5,0.598420,0.0000,0.157400,0
148,682.42,5,0.583357,0.0000,0.156800,0
149,682.33,5,0.578616,0.0000,0.158000,0
150,682.08,5,0.576386,0.0000,0.159600,0
151,681.50,5,0.591970,0.0000,0.159500,0
152,681.08,5,0.561488,0.0000,0.157400,0
153,681.00,5,0.536937,0.0000,0.153600,0
154,680.42,5,0.520849,0.0000,0.159800,0
155,680.08,5,0.543996,0.0000,0.154200,0
156,679.58,5,0.537785,0.0000,0.150200,0
157,679.42,9,0.447092,0.0000,0.095200,0
158,679.08,9,0.448552,0.0000,0.095900,0
159,679.08,9,0.462305,0.0000,0.089300,0
160,678.42,9,0.449842,0.0000,0.093000,0
161,678.08,9,0.441021,0.0000,0.094500,0
162,677.58,9,0.435326,0.0000,0.091400,0
163,677.42,9,0.422517,0.0000,0.092400,0
164,677.08,9,0.438652,0.0000,0.089100,0
165,676.75,9,0.456839,0.0000,0.096300,0
166,676.42,17,0.173557,0.0000,0.044800,0
167,676.08,17,0.110642,0.0000,0.043700,0
168,675.75,17,0.120455,0.0000,0.046500,0
169,675.42,17,0.097792,0.0000,0.046800,0
170,675.08,17,0.103319,0.0000,0.041400,0
171,675.00,17,0.115640,0.0000,0.046900,0
172,674.42,17,0.124939,0.0000,0.045500,0
173,674.42,17,0.122225,0.0000,0.046100,0
174,673.75,17,0.148847,0.0000,0.048400,0
175,673.42,9,0.201174,0.0000,0.092200,0
176,673.08,9,0.223557,0.0000,0.088700,0
177,672.75,9,0.222455,0.0000,0.090300,0
178,672.42,9,0.179681,0.0000,0.095100,0
179,672.08,9,0.191434,0.0000,0.094700,0
180,671.42,17,0.169767,0.0000,0.046400,0
181,671.08,9,0.182369,0.0000,0.093700,0
182,671.08,9,0.193220,0.0000,0.098100,0
183,670.42,9,0.177094,0.0000,0.088100,0
184,670.08,17,0.163618,0.0000,0.045700,0
185,669.75,17,0.130367,0.0000,0.043600,0
186,669.42,17,0.114313,0.0000,0.043300,0
187,669.08,17,0.133140,0.0000,0.047700,0
188,669.08,17,0.173284,0.0000,0.044300,0
189,668.42,9,0.444272,0.2000,0.094800,0
190,668.42,9,0.497884,0.0000,0.096800,0
191,668.08,9,0.494867,0.0000,0.090300,0
192,668.08,5,0.496016,0.0000,0.156900,0
193,667.42,5,0.529967,0.0000,0.153600,0
194,667.33,5,0.534696,0.0000,0.157300,0
195,667.08,5,0.536586,0.0000,0.155800,0
196,666.42,5,0.529164,0.0000,0.159400,0
197,666.08,5,0.540138,0.0000,0.152100,0
198,665.75,5,0.549462,0.0000,0.161400,0
199,665.42,5,0.545073,0.0000,0.156400,0
200,665.08,5,0.554628,0.0000,0.160200,0
201,664.42,5,0.551400,0.0000,0.159200,0
202,664.08,5,0.550874,0.0000,0.162800,0
203,663.83,5,0.554576,0.0000,0.156000,0
204,663.42,5,0.529328,0.0000,0.158600,0
205,663.08,5,0.510070,0.0000,0.152500,0
206,662.83,5,0.510557,0.0000,0.159100,0
207,662.42,5,0.509354,0.0000,0.157500,0
208,662.08,5,0.548895,0.0000,0.155000,0
209,661.75,5,0.546347,0.0000,0.159900,0
210,661.42,5,0.556383,0.0000,0.152400,0
211,661.08,5,0.552666,0.0000,0.162000,0
212,660.42,5,0.551884,0.0000,0.155400,0
213,660.08,5,0.560373,0.0000,0.162900,0
214,659.75,5,0.560214,0.0000,0.155200,0
215,659.42,5,0.563332,0.0000,0.160500,0
216,659.08,5,0.557139,0.0000,0.152500,0
217,658.75,5,0.560160,0.0000,0.155800,0
218,658.42,5,0.561274,0.0000,0.155900,0
219,658.25,5,0.555323,0.0000,0.152800,0
220,657.42,5,0.595041,0.2000,0.154600,0
221,657.08,5,0.598001,0.0000,0.158200,0
222,656.42,5,0.595040,0.0000,0.157600,0
223,655.42,5,0.545984,0.0000,0.157000,0
224,655.25,5,0.532419,0.0000,0.153600,0
225,654.50,5,0.540409,0.0000,0.153500,0
226,654.42,5,0.565735,0.0000,0.160900,0
227,654.08,5,0.571711,0.0000,0.158800,0
228,653.42,5,0.559111,0.0000,0.162800,0
229,653.08,5,0.559260,0.0000,0.155500,0
230,652.75,5,0.554136,0.0000,0.157900,0
231,652.67,5,0.590822,0.0000,0.157000,0
232,651.50,5,0.590677,0.0000,0.150000,0
233,651.08,5,0.599783,0.0000,0.158900,0
234,651.08,5,0.590364,0.0000,0.157500,0
235,650.42,5,0.587368,0.0000,0.167000,0
236,650.42,5,0.585314,0.0000,0.155300,0
237,650.08,5,0.585599,0.0000,0.161900,0
238,649.75,5,0.584169,0.2000,0.155200,0
239,649.42,5,0.588475,0.0000,0.159100,0
240,649.17,5,0.575667,0.0000,0.153800,0
241,649.08,5,0.561218,0.0000,0.158800,0
242,648.83,5,0.579680,0.0000,0.152900,0
243,648.50,5,0.572186,0.0000,0.166600,0
244,648.42,5,0.568314,0.0000,0.153100,0
245,648.17,5,0.593017,0.0000,0.158100,0
246,648.08,5,0.591921,0.0000,0.150800,0
247,647.75,5,0.590466,0.0000,0.152700,0
248,647.50,5,0.580748,0.0000,0.164200,0
249,647.25,5,0.573853,0.0000,0.159200,0
250,647.25,9,0.461226,0.2000,0.097100,0
251,646.17,9,0.456855,0.0000,0.095000,0
252,646.08,9,0.459046,0.0000,0.092700,0
253,645.75,9,0.462312,0.0000,0.096200,0
254,645.42,9,0.460531,0.0000,0.090800,0
255,645.08,9,0.420626,0.0000,0.093000,0
256,644.75,9,0.402753,0.0000,0.092900,0
257,644.42,9,0.369787,0.0000,0.090700,0
258,644.42,9,0.368616,0.0000,0.095300,0
259,644.08,17,0.162417,0.0000,0.043400,0
260,644.08,9,0.404881,0.0000,0.094000,0
261,643.42,9,0.374953,0.0000,0.093200,0
262,643.08,9,0.371080,0.0000,0.096900,0
263,643.08,9,0.327980,0.0000,0.097000,0
264,642.42,9,0.300797,0.0000,0.098400,0
265,642.42,9,0.336525,0.0000,0.094200,0
266,642.08,9,0.328566,0.0000,0.093700,0
267,641.75,9,0.330667,0.0000,0.093200,0
268,641.42,9,0.334457,0.0000,0.096400,0
269,641.08,9,0.333386,0.0000,0.096300,0
270,640.42,9,0.263225,0.0000,0.094200,0
271,640.42,9,0.222457,0.0000,0.092800,0
272,639.92,9,0.246662,0.0000,0.091000,0
273,639.33,9,0.229448,0.0000,0.095600,0
274,639.08,9,0.230092,0.0000,0.095400,0
275,638.75,9,0.219380,0.0000,0.094800,0
276,638.42,9,0.220941,0.0000,0.094700,0
277,638.42,9,0.252176,0.0000,0.091000,0
278,638.08,9,0.257367,0.0000,0.093700,0
279,637.42,9,0.235872,0.0000,0.095600,0
280,637.08,9,0.221851,0.0000,0.093700,0
281,637.08,9,0.193338,0.0000,0.093200,0
282,636.42,9,0.202667,0.0000,0.091900,0
283,636.08,9,0.189139,0.0000,0.088300,0
284,635.42,9,0.182973,0.0000,0.097100,0
285,635.08,17,0.165112,0.0000,0.043700,0
286,634.42,17,0.124411,0.0000,0.046400,0
287,634.42,17,0.102834,0.0000,0.044200,0
288,634.08,17,0.046552,0.0000,0.045600,0
289,633.42,17,0.081595,0.0000,0.043900,0
290,633.42,17,0.063775,0.0000,0.043200,0
291,633.08,17,0.079112,0.0000,0.042900,0
292,632.75,17,0.084837,0.0000,0.045400,0
293,632.42,17,0.088127,0.0000,0.044600,0
294,632.08,17,0.069049,0.0000,0.043300,0
295,632.00,17,0.053033,0.0000,0.045100,0
296,631.50,17,0.080749,0.0000,0.045700,0
297,630.42,5,1.284853,0.0000,0.159400,0
298,630.42,11,1.031650,0.0000,0.233900,0
299,630.25,11,1.227152,0.0000,0.228300,0
300,629.75,5,0.945428,0.0000,0.152700,0
301,629.42,5,0.824971,0.0000,0.155300,0
302,629.08,5,0.830819,0.0000,0.162300,0
303,629.08,5,0.923450,0.0000,0.160400,0
304,628.42,5,0.658520,0.0000,0.153900,0
305,628.00,9,0.424489,0.0000,0.095100,0
306,627.42,17,0.154840,0.0000,0.043400,0
307,627.33,17,0.064094,0.0000,0.047600,0
308,626.46,3,0.396372,0.0000,0.029800,1
309,626.27,0,0.509200,0.0000,0.021600,0
310,626.14,0,0.646095,0.0000,0.022600,0
311,626.01,19,0.881078,0.0000,0.021400,0
312,625.56,19,1.211368,0.0000,0.018200,0
313,625.37,12,1.260508,0.0000,0.042300,0
314,625.18,12,1.353974,0.0000,0.041400,0
315,625.05,12,1.402798,0.0000,0.042600,0
316,624.86,12,1.457851,0.0000,0.045000,0
317,624.67,12,1.423017,0.0000,0.039800,0
318,624.67,12,1.418056,0.0000,0.043200,0
319,624.22,12,1.449251,0.0000,0.038600,0
320,623.96,12,1.385124,0.0000,0.042800,0
321,623.45,12,1.398128,0.0000,0.042600,0
322,623.25,12,1.307822,0.0000,0.041700,0
323,622.61,12,1.372136,0.0000,0.043100,0
324,622.55,19,1.230209,0.0000,0.016200,0
325,621.84,12,1.585909,0.0000,0.041900,0
326,621.58,12,1.419349,0.2000,0.045400,0
327,621.58,19,1.153754,0.0000,0.018500,0
328,621.13,19,1.121906,0.0000,0.018900,0
329,620.87,19,1.113136,0.0000,0.018800,0
330,620.49,19,1.248583,0.0000,0.021100,0
331,620.23,12,1.260237,0.0000,0.040100,0
332,619.90,12,1.372713,0.0000,0.040800,0
333,619.58,12,1.433466,0.0000,0.039800,0
334,619.45,12,1.528129,0.0000,0.043600,0
335,619.19,12,1.623789,0.0000,0.040600,0
336,619.19,12,1.508035,0.0000,0.042100,0
337,618.22,12,1.754811,0.0000,0.042900,0
338,618.09,12,1.622148,0.0000,0.044000,0
339,617.90,12,1.574751,0.0000,0.042100,0
340,617.64,12,1.370505,0.0000,0.041200,0
341,617.64,19,1.162372,0.0000,0.019600,0
342,617.25,19,1.126674,0.0000,0.018400,0
343,617.19,19,0.954895,0.0000,0.016500,0
344,616.86,19,0.914550,0.0000,0.018600,0
345,616.47,19,0.931323,0.0000,0.017600,0
346,616.28,19,0.741183,0.0000,0.020200,0
347,616.28,0,0.518355,0.0000,0.021900,0
348,615.89,0,0.505197,0.0000,0.020700,0
349,615.50,19,0.687811,0.0000,0.018600,0
350,615.43,19,0.901749,0.0000,0.020100,0
351,615.31,12,1.411923,0.0000,0.040000,0
352,615.31,19,1.147531,0.0000,0.018700,0
353,614.72,12,1.366592,0.0000,0.042800,0
354,614.72,12,1.462043,0.0000,0.044300,0
355,614.39,19,1.193735,0.0000,0.019600,0
356,614.26,19,1.139995,0.0000,0.018700,0
357,614.26,19,1.090730,0.0000,0.022800,0
358,613.35,12,1.566468,0.0000,0.042900,0
359,613.35,19,1.204842,0.0000,0.019400,0
360,612.90,19,0.874828,0.0000,0.019200,0
361,612.63,19,0.806879,0.0000,0.019200,0
362,612.24,19,0.708249,0.0000,0.018500,0
363,612.24,0,0.539685,0.0000,0.021400,0
364,611.91,19,0.712578,0.0000,0.020400,0
365,611.91,0,0.543455,0.0000,0.019400,0
366,611.00,19,0.821123,0.0000,0.017700,0
367,610.61,0,0.666805,0.0000,0.019900,0
368,610.61,19,0.880827,0.0000,0.018000,0
369,609.89,19,0.703064,0.0000,0.017300,0
370,609.89,19,0.873189,0.0000,0.020800,0
371,609.56,19,0.791104,0.0000,0.020500,0
372,609.56,19,0.744682,0.0000,0.017100,0
373,608.90,19,0.933621,0.0000,0.021000,0
374,608.64,19,0.833017,0.0000,0.021100,0
375,608.64,0,0.650660,0.0000,0.021100,0
376,608.51,0,0.537607,0.0000,0.019600,0
377,608.51,0,0.440948,0.0000,0.019100,0
378,607.92,0,0.559451,0.0000,0.019500,0
379,607.65,0,0.549100,0.0000,0.020400,0
380,607.65,3,0.349369,0.0000,0.028000,0
381,607.13,0,0.344158,0.0000,0.021100,0
382,606.93,0,0.425906,0.0000,0.019700,0
383,606.60,3,0.135075,0.0000,0.028300,0
384,606.60,0,0.394202,0.0000,0.020200,0
385,606.34,9,0.556805,0.0000,0.090700,0
386,606.34,17,0.134650,0.0000,0.047000,0
387,606.01,17,0.016491,0.0000,0.044000,0
388,605.68,17,0.101857,0.0000,0.048200,0
389,605.68,17,0.082571,0.0000,0.044900,0
390,605.41,3,0.409537,0.0000,0.027200,0
391,605.15,0,0.492493,0.0000,0.021700,0
392,605.02,0,0.617373,0.0000,0.018600,0
393,604.69,19,1.071395,0.0000,0.019600,0
394,604.69,19,0.851979,0.0000,0.018700,0
395,604.49,19,0.835345,0.0000,0.018400,0
396,604.09,19,1.056735,0.0000,0.018200,0
397,603.83,19,1.076243,0.0000,0.021500,0
398,603.76,19,1.031945,0.0000,0.019700,0
399,603.50,19,1.074694,0.0000,0.016400,0
400,603.17,19,1.069976,0.0000,0.021000,0
401,603.04,19,0.914059,0.0000,0.017800,0
402,602.70,19,0.803070,0.0000,0.017800,0
403,602.31,19,0.867516,0.0000,0.019100,0
404,602.17,19,0.793658,0.0000,0.017500,0
405,602.04,0,0.554330,0.0000,0.021700,0
406,601.71,0,0.567587,0.0000,0.019500,0
407,601.71,0,0.526805,0.0000,0.019800,0
408,601.25,19,0.960329,0.0000,0.020100,0
409,601.25,19,0.717352,0.0000,0.020400,0
410,600.98,0,0.620326,0.0000,0.020400,0
411,600.65,0,0.436119,0.0000,0.022400,0
412,600.45,3,0.210141,0.0000,0.027500,0
413,600.32,17,0.060042,0.0000,0.043100,0
414,600.32,9,0.267222,0.0000,0.099400,0
415,599.59,9,0.338131,0.0000,0.090000,0
416,599.45,9,0.415930,0.0000,0.099800,0
417,599.39,5,0.563255,0.0000,0.160000,0
418,599.06,5,0.703656,0.0000,0.160300,0
419,598.59,5,0.754122,0.0000,0.159500,0
420,597.60,5,0.916073,0.0000,0.159300,0
421,597.60,5,0.831531,0.0000,0.155800,0
422,596.80,5,0.919193,0.0000,0.158400,0
423,596.60,11,0.999867,0.0000,0.223800,0
424,596.40,11,1.023846,0.2000,0.229600,0
425,595.61,11,1.037387,0.0000,0.221700,0
426,595.41,11,1.032383,0.0000,0.233800,0
427,595.41,11,1.026659,0.0000,0.227700,0
428,594.74,11,0.941306,0.0000,0.231400,0
429,594.15,5,0.847527,0.0000,0.158000,0
430,594.15,5,0.815353,0.0000,0.157300,0
431,593.75,5,0.759219,0.0000,0.154200,0
432,593.42,5,0.737564,0.0000,0.159700,0
433,592.42,5,0.651644,0.0000,0.154200,0
434,592.42,5,0.676263,0.0000,0.159500,0
435,591.69,9,0.508959,0.0000,0.097000,0
436,590.90,5,0.521759,0.0000,0.158000,0
437,590.76,5,0.518633,0.0000,0.153300,0
438,589.90,5,0.515608,0.2000,0.162500,0
439,589.50,9,0.486720,0.0000,0.089800,0
440,588.77,9,0.455145,0.0000,0.095900,0
441,588.77,9,0.455015,0.0000,0.096300,0
442,588.51,9,0.450775,0.0000,0.093300,0
443,587.91,9,0.445262,0.0000,0.095700,0
444,587.51,3,0.484342,0.0000,0.028300,0
445,587.51,3,0.182019,0.0000,0.026900,0
446,586.91,3,0.116559,0.0000,0.029100,0
447,586.52,17,0.031173,0.0000,0.044600,0
448,586.25,17,0.016156,0.0000,0.045400,0
449,585.99,17,0.012666,0.0000,0.048200,0
450,585.52,17,0.035713,0.0000,0.045700,0
451,585.12,17,0.051348,0.0000,0.047000,0
452,584.86,3,0.078533,0.0000,0.027800,0
453,584.06,3,0.078280,0.0000,0.029000,0
454,583.93,3,0.081484,0.0000,0.028200,0
455,583.86,3,0.079239,0.0000,0.024900,0
456,583.13,3,0.071682,0.0000,0.026400,0
457,582.60,3,0.063135,0.0000,0.029600,0
458,582.60,3,0.074540,0.0000,0.026000,0
459,582.27,3,0.108089,0.0000,0.028400,0
460,581.94,3,0.136042,0.0000,0.029000,0
461,581.87,3,0.152676,0.0000,0.030500,0
462,581.28,3,0.172366,0.0000,0.028000,0
463,581.28,3,0.187293,0.0000,0.028500,0
464,580.94,3,0.192054,0.0000,0.031100,0
465,580.61,3,0.201061,0.0000,0.024500,0
466,580.08,3,0.207602,0.0000,0.025500,0
467,579.62,3,0.210889,0.0000,0.028500,0
468,579.35,3,0.209735,0.0000,0.029500,0
469,578.75,3,0.255690,0.0000,0.024200,0
470,578.42,3,0.271874,0.0000,0.028000,0
471,578.08,3,0.265698,0.0000,0.030100,0
472,578.08,3,0.259676,0.0000,0.027600,0
473,577.42,3,0.257395,0.0000,0.030200,0
474,577.08,3,0.251578,0.0000,0.028700,0
475,577.00,3,0.245193,0.0000,0.029000,0
476,576.42,3,0.223575,0.0000,0.027100,0
477,576.08,3,0.189363,0.0000,0.027800,0
478,576.00,3,0.122588,0.0000,0.026200,0
479,575.33,17,0.024080,0.0000,0.045600,0
480,575.08,17,0.046470,0.0000,0.045300,0
481,574.75,17,0.041802,0.0000,0.044600,0
482,574.42,17,0.056658,0.0000,0.042600,0
483,574.08,17,0.055107,0.0000,0.043500,0
484,574.08,17,0.047947,0.0000,0.046800,0
485,573.33,17,0.065633,0.0000,0.046900,0
486,573.08,17,0.058127,0.0000,0.046600,0
487,572.75,17,0.046123,0.0000,0.042100,0
488,572.42,17,0.077743,0.0000,0.043800,0
489,572.08,17,0.061686,0.0000,0.044100,0
490,572.08,17,0.046081,0.0000,0.048400,0
491,571.42,17,0.032385,0.0000,0.043300,0
492,571.42,17,0.022480,0.0000,0.045600,0
493,571.08,17,0.047551,0.0000,0.047600,0
494,570.75,3,0.138347,0.0000,0.028000,0
495,570.42,3,0.159022,0.0000,0.025900,0
496,570.08,3,0.200727,0.0000,0.028400,0
497,570.00,3,0.236196,0.0000,0.027600,0
498,569.42,3,0.255956,0.0000,0.029800,0
499,569.42,3,0.243497,0.0000,0.026300,0
500,569.00,3,0.277408,0.0000,0.030500,0
501,568.42,3,0.275712,0.0000,0.030000,0
502,568.42,3,0.271259,0.0000,0.028400,0
503,568.00,3,0.284644,0.0000,0.028100,0
504,567.42,3,0.277760,0.0000,0.028200,0
505,567.17,3,0.281797,0.0000,0.026700,0
506,567.08,3,0.281338,0.0000,0.032000,0
507,566.42,3,0.274712,0.0000,0.024700,0
508,566.08,3,0.272570,0.0000,0.028100,0
509,566.00,3,0.283468,0.0000,0.027900,0
510,565.42,3,0.284794,0.0000,0.025200,0
511,565.42,3,0.287125,0.0000,0.028100,0
512,565.00,3,0.282300,0.0000,0.027100,0
513,564.75,3,0.277970,0.0000,0.025600,0
514,564.42,3,0.276960,0.0000,0.028900,0
515,564.08,3,0.271773,0.0000,0.026100,0
516,564.08,3,0.263317,0.0000,0.027800,0
517,563.42,3,0.269299,0.0000,0.029100,0
518,563.42,3,0.247349,0.0000,0.027500,0
519,563.08,3,0.237218,0.0000,0.028400,0
520,562.75,3,0.197089,0.0000,0.026000,0
521,562.42,3,0.181450,0.0000,0.027300,0
522,562.17,3,0.180417,0.0000,0.026700,0
523,562.17,3,0.203445,0.0000,0.029300,0
524,561.42,3,0.201031,0.0000,0.028800,0
525,561.42,3,0.183099,0.0000,0.029700,0
526,561.08,3,0.200377,0.0000,0.029200,0
527,560.75,3,0.214524,0.0000,0.030000,0
528,560.42,3,0.167308,0.0000,0.028000,0
529,560.31,3,0.163391,0.0000,0.026600,0
530,560.18,3,0.172780,0.0000,0.027300,0
531,559.38,3,0.150391,0.0000,0.025600,0
532,559.38,3,0.127257,0.0000,0.028600,0
533,558.39,3,0.098121,0.0000,0.026800,0
534,558.39,3,0.126343,0.0000,0.027500,0
535,557.59,3,0.058545,0.0000,0.028000,0
536,557.39,17,0.031896,0.0000,0.047600,0
537,557.26,17,0.009413,0.0000,0.045700,0
538,556.59,17,0.019817,0.0000,0.045100,0
539,556.46,17,0.023363,0.0000,0.047100,0
540,555.67,17,0.052930,0.0000,0.047200,0
541,555.67,17,0.089070,0.0000,0.047100,0
542,554.60,17,0.099672,0.0000,0.046900,0
543,554.60,17,0.109864,0.0000,0.047200,0
544,553.48,17,0.134907,0.0000,0.044100,0
545,553.21,17,0.122564,0.0000,0.043200,0
546,553.21,17,0.107616,0.0000,0.043500,0
547,552.28,17,0.082479,0.0000,0.044900,0
548,552.28,17,0.067496,0.0000,0.046200,0
549,551.62,17,0.014950,0.0000,0.045200,0
550,551.49,17,0.036908,0.0000,0.043000,0
551,551.35,3,0.080383,0.0000,0.030300,0
552,551.35,17,0.052532,0.0000,0.046600,0
553,550.56,3,0.087612,0.0000,0.029300,0
554,550.49,3,0.060386,0.0000,0.025200,0
555,550.42,17,0.027151,0.0000,0.047100,0
556,549.56,17,0.033883,0.0000,0.045700,0
557,548.57,3,0.100357,0.0000,0.027700,0
558,548.57,3,0.065727,0.0000,0.029200,0
559,548.43,3,0.108865,0.0000,0.028200,0
560,547.57,3,0.146692,0.0000,0.029700,0
561,547.44,3,0.129095,0.0000,0.025500,0
562,547.44,3,0.098923,0.0000,0.026500,0
563,546.58,3,0.088898,0.0000,0.025700,0
564,546.44,3,0.081839,0.0000,0.028300,0
565,545.78,3,0.097948,0.0000,0.028400,0
566,545.58,3,0.116444,0.0000,0.027700,0
567,545.45,3,0.138575,0.0000,0.028500,0
568,544.52,3,0.149463,0.0000,0.030900,0
569,544.39,3,0.167860,0.0000,0.026900,0
570,544.19,3,0.177432,0.0000,0.032100,0
571,543.52,3,0.178628,0.0000,0.026500,0
572,543.19,3,0.168200,0.0000,0.028500,0
573,543.19,3,0.155567,0.0000,0.031000,0
574,542.53,3,0.128395,0.0000,0.029500,0
575,541.93,3,0.096485,0.0000,0.025800,0
576,541.60,3,0.080540,0.0000,0.028000,0
577,541.53,3,0.092078,0.0000,0.026100,0
578,540.54,3,0.093994,0.0000,0.026900,0
579,540.54,3,0.089648,0.0000,0.027100,0
580,540.21,3,0.090447,0.0000,0.025100,0
581,539.68,3,0.084361,0.0000,0.024800,0
582,539.54,3,0.079216,0.0000,0.027600,0
583,538.88,3,0.072354,0.0000,0.027000,0
584,538.88,3,0.076894,0.0000,0.028200,0
585,538.68,3,0.069897,0.0000,0.027400,0
586,538.55,3,0.062963,0.0000,0.027400,0
587,538.55,17,0.033485,0.0000,0.047500,0
588,537.69,17,0.017290,0.0000,0.046300,0
589,537.69,17,0.003891,0.0000,0.045200,0
590,536.69,17,0.006051,0.0000,0.041700,0
591,536.69,17,0.008415,0.0000,0.044900,0
592,536.49,17,0.012773,0.0000,0.047600,0
593,535.63,17,0.026100,0.0000,0.043700,0
594,535.30,17,0.026739,0.0000,0.048600,0
595,535.30,17,0.041564,0.0000,0.047200,0
596,534.57,17,0.043090,0.0000,0.044100,0
597,534.30,17,0.030725,0.0000,0.044900,0
598,534.30,17,0.043307,0.0000,0.043500,0
599,533.90,17,0.045003,0.0000,0.046800,0
600,533.57,3,0.056650,0.0000,0.026800,0
601,532.64,3,0.079137,0.0000,0.027700,0
602,532.58,3,0.096102,0.0000,0.026400,0
603,532.38,3,0.100572,0.0000,0.027300,0
604,531.78,3,0.094092,0.0000,0.027300,0
605,531.38,3,0.055771,0.0000,0.026100,0
606,531.38,17,0.047565,0.0000,0.047100,0
607,530.59,3,0.055190,0.0000,0.028200,0
608,530.39,3,0.066574,0.0000,0.026900,0
609,529.92,3,0.086835,0.0000,0.026200,0
610,529.79,3,0.091694,0.0000,0.029500,0
611,529.66,3,0.099164,0.0000,0.026300,0
612,528.73,3,0.099184,0.0000,0.029100,0
613,528.73,3,0.099490,0.0000,0.027800,0
614,527.73,3,0.099249,0.0000,0.028500,0
615,527.73,3,0.105322,0.0000,0.028300,0
616,526.67,3,0.103797,0.0000,0.030600,0
617,526.67,3,0.108751,0.0000,0.030100,0
618,525.68,3,0.115257,0.0000,0.027200,0
619,525.48,3,0.117531,0.0000,0.028100,0
620,525.48,3,0.109302,0.0000,0.028200,0
621,524.68,3,0.100250,0.0000,0.027400,0
622,524.48,3,0.092805,0.0000,0.027400,0
623,523.49,3,0.060424,0.0000,0.026800,0
624,523.49,3,0.062591,0.0000,0.030300,0
625,522.96,3,0.063808,0.0000,0.027700,0
626,522.49,3,0.058435,0.0000,0.029100,0
627,522.23,3,0.069677,0.0000,0.029600,0
628,521.96,3,0.071032,0.0000,0.026400,0
629,521.76,3,0.077728,0.0000,0.029600,0
630,521.50,3,0.085768,0.0000,0.032200,0
631,521.10,3,0.100660,0.0000,0.030000,0
632,520.83,3,0.114393,0.0000,0.026400,0
633,520.10,3,0.083175,0.0000,0.029100,0
634,519.90,3,0.100222,0.0000,0.028400,0
635,519.57,3,0.117244,0.0000,0.030700,0
636,519.57,3,0.136453,0.0000,0.030600,0
637,519.11,3,0.155225,0.0000,0.027800,0
638,518.58,3,0.171560,0.0000,0.029400,0
639,518.25,3,0.184074,0.0000,0.025700,0
640,518.25,3,0.197614,0.0000,0.026600,0
641,517.91,3,0.202841,0.0000,0.028600,0
642,517.58,3,0.191217,0.0000,0.025800,0
643,517.25,3,0.072465,0.0000,0.026700,0
644,516.59,17,0.016810,0.0000,0.047400,0
645,516.59,17,0.042716,0.0000,0.046700,0
646,515.92,17,0.004151,0.0000,0.045100,0
647,515.59,17,0.010542,0.0000,0.047000,0
648,515.59,17,0.002216,0.0000,0.045400,0
649,515.06,17,0.045808,0.0000,0.045300,0
650,514.60,17,0.108656,0.0000,0.045100,0
651,514.20,17,0.073164,0.0000,0.044600,0
652,514.00,17,0.063860,0.0000,0.045700,0
653,513.93,17,0.073895,0.0000,0.043900,0
654,513.20,17,0.084496,0.0000,0.043700,0
655,512.67,17,0.083666,0.0000,0.046500,0
656,512.67,17,0.078816,0.0000,0.043900,0
657,512.08,17,0.079812,0.0000,0.048600,0
658,511.68,17,0.095197,0.0000,0.043800,0
659,511.15,17,0.099257,0.0000,0.042800,0
660,511.08,17,0.100055,0.0000,0.045400,0
661,510.88,17,0.069620,0.0000,0.045900,0
662,510.68,17,0.065234,0.0000,0.043000,0
663,510.42,17,0.106872,0.0000,0.048200,0
664,510.15,17,0.104965,0.0000,0.045900,0
665,510.15,17,0.105191,0.0000,0.045500,0
666,509.42,17,0.096263,0.0000,0.043200,0
667,509.16,17,0.098611,0.0000,0.045600,0
668,508.96,17,0.089016,0.0000,0.043400,0
669,508.69,17,0.071560,0.0000,0.048600,0
670,508.09,17,0.051679,0.0000,0.050400,0
671,507.43,17,0.033816,0.0000,0.049800,0
672,507.17,17,0.033498,0.0000,0.043800,0
673,507.17,3,0.066140,0.0000,0.028500,0
674,506.77,3,0.119012,0.0000,0.027500,0
675,506.30,3,0.167790,0.0000,0.027900,0
676,505.97,3,0.143802,0.0000,0.028600,0
677,505.77,3,0.136115,0.0000,0.026000,0
678,505.24,3,0.122191,0.0000,0.028100,0
679,505.18,3,0.138099,0.0000,0.028000,0
680,504.51,3,0.186167,0.0000,0.028100,0
681,504.11,3,0.192854,0.0000,0.027200,0
682,503.98,3,0.194688,0.0000,0.026400,0
683,503.52,3,0.192233,0.0000,0.024400,0
684,503.12,3,0.194498,0.0000,0.030100,0
685,502.52,3,0.190947,0.0000,0.027900,0
686,502.52,3,0.183586,0.0000,0.028800,0
687,502.12,3,0.179981,0.0000,0.032200,0
688,501.53,3,0.175390,0.0000,0.031500,0
689,501.39,3,0.166360,0.0000,0.028700,0
690,501.39,3,0.152644,0.0000,0.028400,0
691,500.46,3,0.107897,0.0000,0.028500,0
692,500.13,17,0.089411,0.0000,0.044200,0
693,500.13,17,0.135064,0.0000,0.042800,0
694,498.87,9,0.186748,0.0000,0.098600,0
695,498.61,9,0.249995,0.0000,0.092300,0
696,497.55,17,0.118660,0.0000,0.047600,0
697,497.55,17,0.160185,0.0000,0.046100,0
698,497.21,17,0.156869,0.0000,0.043100,0
699,496.88,3,0.098606,0.0000,0.027600,0
700,496.48,3,0.111000,0.0000,0.027800,0
701,496.22,3,0.146374,0.0000,0.027800,0
702,495.49,3,0.152427,0.0000,0.027200,0
703,495.49,3,0.152741,0.0000,0.028600,0
704,495.22,3,0.145874,0.0000,0.030300,0
705,494.49,3,0.141978,0.0000,0.026800,0
706,493.63,3,0.147557,0.0000,0.028300,0
707,493.37,3,0.138519,0.0000,0.028500,0
708,493.37,3,0.141295,0.0000,0.025500,0
709,492.50,3,0.140817,0.0000,0.029500,0
710,492.50,3,0.140000,0.0000,0.027200,0
711,492.37,3,0.140519,0.0000,0.028500,0
712,491.57,3,0.146010,0.0000,0.028300,0
713,491.51,3,0.091259,0.0000,0.028000,0
714,491.51,3,0.106604,0.0000,0.025900,0
715,490.98,3,0.092940,0.0000,0.027700,0
716,490.45,3,0.141039,0.0000,0.027000,0
717,490.45,3,0.176012,0.0000,0.028700,0
718,489.98,3,0.189351,0.0000,0.027400,0
719,489.98,3,0.201359,0.0000,0.026400,0
720,489.25,3,0.204656,0.0000,0.026500,0
721,489.25,3,0.206522,0.0000,0.030400,0
722,488.46,3,0.211971,0.0000,0.027200,0
723,488.26,3,0.220970,0.0000,0.027200,0
724,488.26,3,0.230460,0.0000,0.029900,0
725,487.46,3,0.235053,0.0000,0.028900,0
726,487.26,3,0.231401,0.0000,0.027500,0
727,487.26,3,0.235432,0.0000,0.027400,0
728,486.53,3,0.218315,0.0000,0.029200,0
729,486.47,3,0.171690,0.0000,0.028000,0
730,486.40,3,0.151371,0.0000,0.025100,0
731,485.47,3,0.145240,0.0000,0.025400,0
732,485.47,3,0.130097,0.0000,0.027200,0
733,485.27,3,0.114161,0.0000,0.025000,0
734,484.41,3,0.083807,0.0000,0.026800,0
735,483.55,3,0.087208,0.0000,0.027100,0
736,483.08,3,0.094772,0.0000,0.026500,0
737,483.08,3,0.101664,0.0000,0.030000,0
738,482.42,3,0.118522,0.0000,0.027300,0
739,482.35,3,0.132793,0.0000,0.026000,0
740,481.56,3,0.136838,0.0000,0.027600,0
741,481.42,3,0.143982,0.0000,0.029200,0
742,480.56,3,0.174013,0.0000,0.028700,0
743,480.56,3,0.147650,0.0000,0.029400,0
744,480.16,3,0.179406,0.0000,0.026800,0
745,479.50,3,0.175430,0.0000,0.028000,0
746,479.37,3,0.177350,0.0000,0.028700,0
747,479.37,3,0.174041,0.0000,0.027100,0
748,478.90,3,0.171488,0.0000,0.026400,0
749,478.50,3,0.166561,0.0000,0.025900,0
750,477.44,3,0.175288,0.0000,0.030600,0
751,477.18,3,0.176673,0.0000,0.028700,0
752,477.18,3,0.171714,0.0000,0.029600,0
753,476.58,3,0.180572,0.0000,0.024900,0
754,476.18,3,0.181491,0.0000,0.029000,0
755,475.58,3,0.181107,0.0000,0.030000,0
756,475.45,3,0.172185,0.0000,0.030700,0
757,474.52,3,0.093388,0.0000,0.025800,0
758,474.46,3,0.100496,0.0000,0.028200,0
759,474.26,3,0.093859,0.0000,0.027700,0
760,474.26,3,0.080476,0.0000,0.029100,0
761,473.53,3,0.102579,0.0000,0.027600,0
762,473.46,3,0.099421,0.0000,0.028400,0
763,473.26,3,0.095392,0.0000,0.028400,0
764,473.26,3,0.087122,0.0000,0.027400,0
765,472.53,3,0.094094,0.0000,0.028000,0
766,472.47,3,0.101163,0.0000,0.028100,0
767,472.27,3,0.104119,0.0000,0.029000,0
768,471.87,3,0.108188,0.0000,0.026900,0
769,471.60,3,0.109167,0.0000,0.027500,0
770,471.60,3,0.106057,0.0000,0.029300,0
771,471.27,3,0.105740,0.0000,0.027000,0
772,471.27,3,0.114168,0.0000,0.028500,0
773,470.61,3,0.119428,0.0000,0.030300,0
774,470.61,3,0.127838,0.0000,0.028800,0
775,470.28,3,0.134906,0.0000,0.028000,0
776,469.88,3,0.173217,0.0000,0.027500,0
777,469.55,3,0.162869,0.0000,0.024900,0
778,469.55,3,0.154410,0.0000,0.026400,0
779,469.41,3,0.153975,0.0000,0.026100,0
780,469.41,3,0.154361,0.0000,0.026700,0
781,468.95,3,0.156542,0.0000,0.030000,0
782,468.55,3,0.148969,0.0000,0.027600,0
783,467.82,3,0.149803,0.0000,0.027100,0
784,467.56,3,0.151628,0.0000,0.030100,0
785,466.83,3,0.145085,0.0000,0.029000,0
786,466.63,3,0.144681,0.0000,0.027200,0
787,466.56,17,0.044140,0.0000,0.047100,0
788,466.36,17,0.029057,0.0000,0.046600,0
789,465.57,17,0.029875,0.0000,0.048100,0
790,465.57,17,0.028954,0.0000,0.043000,0
791,464.70,17,0.046130,0.0000,0.042400,0
792,464.70,17,0.045772,0.0000,0.045900,0
793,464.11,17,0.047858,0.0000,0.047300,0
794,463.84,17,0.047416,0.0000,0.045900,0
795,463.64,17,0.033608,0.0000,0.049200,0
796,462.65,17,0.034086,0.0000,0.046100,0
797,462.12,17,0.026774,0.0000,0.046700,0
798,461.98,17,0.020518,0.0000,0.048400,0
799,461.72,17,0.012541,0.0000,0.043400,0
800,461.32,17,0.003352,0.0000,0.047800,0
801,460.92,17,0.000012,0.0000,0.045200,0
802,460.72,17,0.002843,0.0000,0.046700,0
803,459.86,17,0.004583,0.0000,0.042100,0
804,459.66,17,0.009617,0.0000,0.041200,0
805,458.67,17,0.023909,0.0000,0.043800,0
806,458.67,3,0.113079,0.0000,0.027300,0
807,457.87,3,0.102773,0.0000,0.029500,0
808,457.80,3,0.099454,0.0000,0.031700,0
809,457.07,3,0.085857,0.0000,0.026000,0
810,456.74,3,0.084471,0.0000,0.027700,0
811,456.74,3,0.070793,0.0000,0.024800,0
812,455.81,3,0.077119,0.0000,0.029600,0
813,455.08,3,0.061457,0.0000,0.027100,0
814,454.82,17,0.053567,0.0000,0.046700,0
815,454.55,3,0.060550,0.0000,0.026400,0
816,454.09,3,0.061022,0.0000,0.027600,0
817,453.82,3,0.062855,0.0000,0.028100,0
818,453.56,3,0.123888,0.0000,0.027200,0
819,453.56,3,0.130720,0.0000,0.026800,0
820,453.16,3,0.140565,0.0000,0.032500,0
821,452.89,3,0.146834,0.0000,0.027500,0
822,452.56,3,0.151197,0.0000,0.029500,0
823,451.90,9,0.317676,0.0000,0.090600,0
824,451.57,5,0.885368,0.0000,0.160200,0
825,451.57,5,0.750223,0.0000,0.155700,0
826,451.10,5,0.946057,0.0000,0.156900,0
827,450.90,5,0.872545,0.0000,0.154800,0
828,450.57,5,0.889479,0.0000,0.160300,0
829,450.57,5,0.891361,0.2000,0.160100,0
830,450.11,11,1.007315,0.0000,0.229700,0
831,450.11,11,1.073840,0.0000,0.233900,0
832,449.18,11,1.105937,0.0000,0.227700,0
833,449.11,11,1.134587,0.0000,0.236000,0
834,448.98,11,1.139956,0.0000,0.225200,0
835,448.65,11,1.152442,0.0000,0.230300,0
836,448.19,11,1.155716,0.2000,0.230000,0
837,448.12,11,1.153698,0.0000,0.234700,0
838,447.66,11,1.179762,0.0000,0.233500,0
839,447.66,11,1.183800,0.0000,0.228300,0
840,447.19,11,1.303355,0.0000,0.226800,0
841,447.06,11,1.351101,0.2000,0.232100,0
842,447.06,11,1.390958,0.0000,0.231800,0
843,446.66,11,1.421826,0.0000,0.230200,0
844,446.66,11,1.412629,0.2000,0.234200,0
845,446.07,11,1.473362,0.0000,0.236900,0
846,446.07,11,1.486934,0.2000,0.221900,0
847,445.93,11,1.556775,0.0000,0.224900,0
848,445.67,11,1.584228,0.0000,0.227600,0
849,445.67,11,1.600712,0.0000,0.226000,0
850,445.14,2,1.655952,0.0000,0.399700,0
851,445.07,2,1.728676,0.4000,0.399400,0
852,444.87,2,1.788344,0.4000,0.400400,0
853,444.67,2,1.868973,0.0000,0.394100,0
854,444.67,2,1.879316,0.2000,0.398500,0
855,444.14,2,2.003059,0.0000,0.390800,0
856,444.14,2,2.092042,0.6000,0.393000,0
857,444.01,2,2.173515,0.4000,0.404300,0
858,443.68,2,2.193903,0.4000,0.396200,0
859,443.68,2,2.176979,0.4000,0.401700,0
860,443.15,2,2.355019,0.2000,0.394700,0
861,443.09,2,2.487776,0.8000,0.404000,0
862,442.89,2,2.517405,0.2000,0.394500,0
863,442.89,2,2.550776,0.2000,0.406700,0
864,442.23,2,2.619179,0.6000,0.405600,0
865,442.16,2,2.657878,0.6000,0.398100,0
866,441.83,2,2.638534,0.8000,0.395900,0
867,441.57,2,2.675840,0.4000,0.388300,0
868,441.50,2,2.638146,0.8000,0.407800,0
869,441.17,2,2.710496,1.0000,0.406500,0
870,441.17,14,2.803703,0.8000,0.602800,0
871,441.04,14,2.830535,0.0000,0.603100,0
872,440.84,14,3.074582,0.6000,0.595700,0
873,440.44,14,3.150026,0.6000,0.610000,0
874,440.18,14,3.569645,0.4000,0.598700,0
875,439.78,14,3.348085,1.0000,0.613000,0
876,439.45,14,3.055638,0.0000,0.606700,0
877,439.19,14,3.045047,0.6000,0.604600,0
878,439.12,14,2.993729,0.4000,0.605100,0
879,438.86,14,2.893037,0.8000,0.601400,0
880,438.79,14,2.856130,0.4000,0.597700,0
881,438.46,14,2.775593,0.8000,0.601800,0
882,438.26,14,2.755858,0.6000,0.592900,0
883,438.13,14,2.728375,0.4000,0.594500,0
884,437.80,14,2.738305,0.4000,0.603700,0
885,437.54,2,2.631145,0.4000,0.402400,0
886,437.54,2,2.530534,0.4000,0.396200,0
887,437.21,2,2.654833,0.4000,0.399800,0
888,437.21,2,2.654252,0.8000,0.393600,0
889,436.81,2,2.671764,0.6000,0.402600,0
890,436.55,2,2.664461,0.4000,0.400600,0
891,436.41,2,2.662239,0.4000,0.389700,0
892,436.22,2,2.581660,0.0000,0.404800,0
893,436.15,2,2.602167,0.4000,0.399700,0
894,436.15,2,2.552792,0.2000,0.398000,0
895,435.42,2,2.617475,0.6000,0.394600,0
896,435.23,2,2.588779,0.4000,0.403300,0
897,435.23,2,2.559069,0.2000,0.399800,0
898,434.57,2,2.592764,0.6000,0.391200,0
899,434.57,2,2.581155,0.4000,0.397500,0
900,434.24,2,2.578359,0.0000,0.399200,0
901,434.17,2,2.547169,0.8000,0.394100,0
902,433.84,2,2.478590,0.6000,0.399100,0
903,433.58,2,2.652502,0.4000,0.402200,0
904,433.58,2,2.549736,1.0000,0.402100,0
905,433.25,14,2.783132,0.6000,0.597600,0
906,433.12,14,2.853285,0.4000,0.600000,0
907,432.85,14,2.969357,0.8000,0.596200,0
908,432.59,14,2.953515,0.4000,0.606400,0
909,432.59,14,2.972586,0.8000,0.599400,0
910,432.20,14,2.877381,0.6000,0.600500,0
911,432.13,14,2.829327,0.0000,0.595800,0
912,431.87,14,2.730875,0.2000,0.602800,0
913,431.60,2,2.704402,0.6000,0.401600,0
914,431.60,2,2.629366,0.4000,0.382200,0
915,431.21,14,2.760686,0.6000,0.591700,0
916,431.08,2,2.716884,0.4000,0.396400,0
917,430.62,14,2.739323,0.4000,0.602100,0
918,430.62,14,2.752055,0.6000,0.608600,0
919,430.22,14,2.884068,0.6000,0.611200,0
920,430.09,14,2.786828,0.4000,0.597900,0
921,429.89,14,2.830462,0.0000,0.601600,0
922,429.63,14,2.965806,0.6000,0.610400,0
923,429.37,14,3.031091,0.4000,0.605800,0
924,429.37,14,2.959837,0.6000,0.598800,0
925,428.91,14,3.086372,0.4000,0.601000,0
926,428.64,14,3.040773,0.6000,0.596700,0
927,428.38,14,3.137593,0.4000,0.599200,0
928,428.25,14,3.125710,0.8000,0.598800,0
929,428.25,14,3.152507,0.6000,0.607300,0
930,427.92,14,3.143267,0.8000,0.596700,0
931,427.52,14,3.107405,0.4000,0.597200,0
932,427.39,14,2.976713,0.8000,0.599300,0
933,427.26,14,2.891837,0.4000,0.591400,0
934,427.26,14,2.837677,0.6000,0.609800,0
935,426.54,14,2.748152,0.6000,0.612200,0
936,426.41,2,2.652249,0.4000,0.405400,0
937,426.41,2,2.538926,0.0000,0.403500,0
938,425.49,2,2.382311,0.6000,0.400600,0
939,425.42,2,2.280860,0.0000,0.396100,0
940,425.29,2,2.017569,0.2000,0.400700,0
941,425.29,2,2.122769,0.4000,0.397600,0
942,424.43,2,1.840199,0.2000,0.396700,0
943,423.45,11,1.617664,0.0000,0.220300,0
944,422.92,11,1.485182,0.2000,0.230200,0
945,422.46,11,1.342712,0.0000,0.230600,0
946,422.33,11,1.236415,0.0000,0.221600,0
947,421.48,11,1.096661,0.0000,0.232500,0
948,421.34,11,1.001407,0.0000,0.231100,0
949,420.55,5,0.909630,0.0000,0.159100,0
950,420.49,5,0.872344,0.0000,0.155100,0
951,420.36,5,0.792888,0.0000,0.155300,0
952,419.77,5,0.729235,0.0000,0.153200,0
953,419.50,9,0.338869,0.0000,0.098800,0
954,419.50,5,0.630380,0.0000,0.158600,0
955,419.37,17,0.191823,0.0000,0.045900,0
956,419.37,17,0.081334,0.0000,0.045800,0
957,418.52,17,0.066265,0.0000,0.045700,0
958,418.45,17,0.026272,0.0000,0.046000,0
959,417.46,17,0.001298,0.0000,0.047000,0
960,417.40,9,0.421023,0.0000,0.092000,0
961,417.40,9,0.495465,0.0000,0.096400,0
962,416.41,9,0.371092,0.2000,0.093700,0
963,416.15,9,0.293733,0.0000,0.089100,0
964,415.82,17,0.154914,0.0000,0.044700,0
965,415.49,17,0.135722,0.0000,0.042800,0
966,415.16,17,0.056062,0.0000,0.042200,0
967,414.51,17,0.026841,0.0000,0.044300,0
968,414.44,17,0.021726,0.0000,0.045400,0
969,414.18,17,0.130638,0.0000,0.046900,0
970,414.18,17,0.111944,0.0000,0.046200,0
971,413.85,5,0.613328,0.0000,0.158400,0
972,413.52,5,0.981319,0.0000,0.164300,0
973,413.45,11,1.001303,0.0000,0.223400,0
974,413.26,11,1.025955,0.0000,0.230500,0
975,413.26,11,1.033402,0.0000,0.232900,0
976,412.86,11,1.296487,0.0000,0.222900,0
977,412.53,11,1.389586,0.2000,0.228100,0
978,412.47,11,1.439717,0.2000,0.222300,0
979,412.21,11,1.481212,0.2000,0.227000,0
980,412.21,11,1.516247,0.4000,0.239000,0
981,411.88,11,1.569632,0.2000,0.225500,0
982,411.55,11,1.630623,0.2000,0.230100,0
983,411.48,2,1.672130,0.0000,0.397000,0
984,411.22,2,1.801016,0.6000,0.404600,0
985,411.22,2,1.898491,0.0000,0.394600,0
986,410.89,2,1.967259,0.4000,0.405500,0
987,410.56,2,2.070181,0.2000,0.401000,0
988,410.24,2,2.150010,0.4000,0.393900,0
989,410.24,2,2.111517,0.4000,0.394700,0
990,409.91,2,2.229438,0.4000,0.395200,0
991,409.58,2,2.343059,0.2000,0.399500,0
992,409.51,2,2.409785,0.2000,0.397700,0
993,409.25,2,2.466970,0.4000,0.393400,0
994,409.25,2,2.503848,0.2000,0.404600,0
995,408.92,2,2.586096,0.4000,0.400000,0
996,408.53,2,2.684464,0.2000,0.394600,0
997,408.53,14,2.741272,0.2000,0.602200,0
998,407.81,14,2.839108,0.2000,0.599800,0
999,407.55,14,2.871295,0.6000,0.602500,0
1000,407.29,14,2.859816,0.4000,0.600000,0
1001,407.29,14,2.876599,0.6000,0.609200,0
1002,406.89,14,2.982476,0.8000,0.604700,0
1003,406.56,14,3.104276,0.8000,0.601800,0
1004,406.30,14,3.577897,0.8000,0.597600,0
1005,406.30,14,3.253985,0.6000,0.602900,0
1006,405.84,14,4.157180,0.8000,0.595400,0
1007,405.58,14,3.917060,0.6000,0.607200,0
1008,405.58,14,3.857410,0.8000,0.604000,0
1009,404.86,14,3.854185,0.8000,0.601200,0
1010,404.60,14,3.855730,0.8000,0.604300,0
1011,404.60,14,3.774848,0.8000,0.597000,0
1012,403.88,14,3.861863,1.0000,0.597800,0
1013,403.62,14,3.899244,0.8000,0.600400,0
1014,403.62,14,3.888592,0.2000,0.599200,0
1015,402.83,14,3.881603,0.8000,0.602300,0
1016,402.51,14,4.022329,0.2000,0.599700,0
1017,402.51,14,4.089842,0.8000,0.601700,0
1018,401.79,14,3.995750,1.0000,0.598900,0
1019,401.52,6,4.472076,0.8000,0.776200,0
1020,401.52,14,4.173595,0.6000,0.606400,0
1021,401.07,14,3.994455,0.4000,0.603500,0
1022,400.87,14,3.912339,0.8000,0.594200,0
1023,400.67,14,3.879721,0.6000,0.606300,0
1024,400.67,14,3.853044,0.8000,0.606300,0
1025,400.35,14,3.868615,0.6000,0.603500,0
1026,400.35,14,3.791724,0.6000,0.607000,0
1027,399.89,14,3.758433,0.2000,0.600300,0
1028,399.69,14,3.827838,0.8000,0.593400,0
1029,399.69,14,3.748429,1.0000,0.601500,0
1030,398.84,14,3.289791,0.6000,0.593900,0
1031,398.84,14,3.352774,0.4000,0.598800,0
1032,398.71,14,3.013148,0.6000,0.608200,0
1033,398.13,14,2.810226,0.8000,0.603300,0
1034,398.13,2,2.640341,0.4000,0.398900,0
1035,397.73,2,2.522556,0.2000,0.398600,0
1036,397.41,2,2.377330,0.4000,0.402900,0
1037,397.15,2,2.207325,0.6000,0.400100,0
1038,396.75,2,2.121823,0.4000,0.391800,0
1039,396.43,2,1.995127,0.0000,0.394600,0
1040,395.90,2,1.824201,0.0000,0.401900,0
1041,395.45,2,1.731463,0.0000,0.399000,0
1042,395.38,11,1.598296,0.2000,0.235300,0
1043,395.38,11,1.436419,0.0000,0.233400,0
1044,394.92,11,1.380907,0.0000,0.232100,0
1045,394.79,11,1.273848,0.0000,0.228500,0
1046,394.40,11,1.125950,0.0000,0.226900,0
1047,393.88,11,1.079716,0.0000,0.232600,0
1048,393.49,11,1.025354,0.2000,0.226400,0
1049,393.36,5,0.919572,0.0000,0.159200,0
1050,392.51,5,0.870663,0.0000,0.166100,0
1051,392.51,5,0.833766,0.0000,0.158500,0
1052,392.11,5,0.784990,0.0000,0.160400,0
1053,391.53,5,0.707977,0.0000,0.164700,0
1054,391.27,5,0.651128,0.0000,0.160300,0
1055,391.07,5,0.564781,0.0000,0.160200,0
1056,390.81,9,0.455490,0.0000,0.094900,0
1057,390.55,9,0.423397,0.2000,0.091500,0
1058,390.09,9,0.373301,0.0000,0.095400,0
1059,389.44,9,0.357513,0.0000,0.095600,0
1060,389.44,9,0.375587,0.0000,0.093300,0
1061,389.04,9,0.392619,0.0000,0.096100,0
1062,388.13,9,0.250683,0.0000,0.090200,0
1063,388.00,17,0.165502,0.0000,0.047300,0
1064,388.00,3,0.146329,0.0000,0.031900,0
1065,387.35,3,0.163687,0.0000,0.028600,0
1066,387.35,3,0.119179,0.0000,0.027900,0
1067,386.89,3,0.121435,0.0000,0.026700,0
1068,386.50,3,0.121976,0.0000,0.027100,0
1069,386.17,3,0.120920,0.0000,0.027900,0
1070,386.04,3,0.118446,0.0000,0.029300,0
1071,385.52,3,0.120944,0.0000,0.028700,0
1072,385.12,3,0.099159,0.0000,0.026200,0
1073,384.47,11,1.810598,0.0000,0.234300,0
1074,384.47,5,0.892140,0.0000,0.161000,0
1075,384.14,11,1.316836,0.0000,0.228100,0
1076,384.08,11,1.121514,0.0000,0.232700,0
1077,383.95,11,1.167057,0.0000,0.228300,0
1078,383.49,11,1.291996,0.0000,0.228700,0
1079,383.16,11,1.293419,0.0000,0.224500,0
1080,383.10,11,1.267456,0.0000,0.237300,0
1081,382.97,11,1.291482,0.0000,0.226800,0
1082,382.58,11,1.340068,0.0000,0.220700,0
1083,382.58,11,1.377039,0.0000,0.224300,0
1084,382.19,11,1.565736,0.2000,0.227700,0
1085,382.12,11,1.584165,0.0000,0.229700,0
1086,381.99,11,1.610902,0.0000,0.230600,0
1087,381.66,2,1.709596,0.2000,0.388700,0
1088,381.40,2,1.880926,0.2000,0.398600,0
1089,381.40,2,1.801767,0.0000,0.401400,0
1090,381.14,2,2.028677,0.2000,0.391600,0
1091,380.82,2,2.053649,0.6000,0.397700,0
1092,380.75,2,2.113417,0.4000,0.406500,0
1093,380.75,2,2.150425,0.2000,0.404800,0
1094,380.16,2,2.228604,0.4000,0.393800,0
1095,380.16,2,2.275668,0.4000,0.392600,0
1096,380.03,2,2.339006,0.2000,0.399700,0
1097,379.45,2,2.409342,0.2000,0.394200,0
1098,379.12,2,2.498082,0.4000,0.401700,0
1099,379.05,2,2.522913,0.2000,0.397500,0
1100,378.79,2,2.545091,0.8000,0.404600,0
1101,378.40,2,2.572741,0.0000,0.395400,0
1102,378.14,14,2.763717,0.6000,0.596700,0
1103,378.14,2,2.701624,0.6000,0.389600,0
1104,377.82,14,2.863016,0.4000,0.601300,0
1105,377.49,14,2.998785,0.8000,0.609300,0
1106,377.17,14,3.200309,0.0000,0.601000,0
1107,377.10,14,3.451651,0.4000,0.598500,0
1108,376.84,14,3.625322,1.0000,0.600400,0
1109,376.45,14,3.810236,0.6000,0.598600,0
1110,376.19,14,3.944683,0.8000,0.596300,0
1111,376.19,14,4.052393,1.0000,0.607600,0
1112,375.93,14,4.091360,0.8000,0.601800,0
1113,375.54,14,4.125773,0.8000,0.611400,0
1114,375.21,6,4.178987,0.6000,0.772200,0
1115,375.21,14,4.102265,0.2000,0.601700,0
1116,374.95,14,4.060697,1.0000,0.603400,0
1117,374.50,14,3.937245,0.8000,0.599200,0
1118,374.11,14,3.967722,0.4000,0.604900,0
1119,374.11,14,3.981532,0.4000,0.599500,0
1120,373.52,14,3.949613,0.4000,0.590700,0
1121,373.52,14,4.061547,1.0000,0.602200,0
1122,373.20,14,3.867994,0.6000,0.596800,0
1123,372.81,14,3.866698,0.6000,0.600900,0
1124,372.48,14,3.653458,0.6000,0.598900,0
1125,372.48,14,3.468780,0.6000,0.602000,0
1126,372.16,14,3.397286,0.4000,0.596900,0
1127,372.16,14,3.348677,0.2000,0.598700,0
1128,371.83,14,3.333364,1.0000,0.617400,0
1129,371.51,14,3.376650,0.6000,0.610300,0
1130,371.51,14,3.374502,0.4000,0.604800,0
1131,371.25,14,3.303073,1.0000,0.599500,0
1132,371.12,14,3.249474,0.8000,0.612200,0
1133,370.86,14,3.205116,0.6000,0.599300,0
1134,370.53,14,3.203034,0.8000,0.605800,0
1135,370.27,14,3.255449,0.6000,0.603600,0
1136,370.27,14,3.267521,0.8000,0.596400,0
1137,370.08,14,3.223853,1.0000,0.600800,0
1138,369.49,14,3.287281,0.8000,0.605700,0
1139,369.17,14,3.336740,0.8000,0.611700,0
1140,369.10,14,3.315866,0.4000,0.605700,0
1141,368.84,14,3.302724,1.0000,0.604200,0
1142,368.58,14,3.304404,0.8000,0.604500,0
1143,368.58,14,3.302928,1.0000,0.602600,0
1144,368.13,14,3.316247,0.6000,0.599900,0
1145,367.94,14,3.322433,0.6000,0.602600,0
1146,367.61,14,3.339344,0.8000,0.604700,0
1147,367.61,14,3.361883,0.8000,0.608300,0
1148,367.22,14,3.430716,0.6000,0.609700,0
1149,367.22,14,3.469607,0.6000,0.600500,0
1150,366.96,14,3.240268,0.6000,0.593800,0
1151,366.44,14,2.958727,0.6000,0.600000,0
1152,366.25,14,2.771920,0.6000,0.604600,0
1153,366.25,2,2.663550,0.4000,0.400300,0
1154,365.41,2,2.540221,0.0000,0.397500,0
1155,365.28,2,2.459329,0.6000,0.393000,0
1156,365.28,2,2.338394,0.4000,0.388200,0
1157,364.43,2,2.220617,0.2000,0.405900,0
1158,364.37,2,2.158022,0.0000,0.398500,0
1159,364.37,2,2.058195,0.6000,0.399700,0
1160,363.40,2,1.983337,0.0000,0.394800,0
1161,363.33,2,1.850694,0.2000,0.398600,0
1162,363.33,2,1.733241,0.2000,0.400500,0
1163,362.94,11,1.587738,0.2000,0.219900,0
1164,362.42,11,1.476893,0.0000,0.227900,0
1165,361.97,11,1.337911,0.0000,0.219200,0
1166,361.45,11,1.191695,0.0000,0.224300,0
1167,361.38,11,1.094916,0.0000,0.229700,0
1168,360.48,11,1.041627,0.0000,0.233300,0
1169,360.35,5,0.882321,0.0000,0.153200,0
1170,360.35,11,0.951090,0.0000,0.225800,0
1171,359.44,5,0.806817,0.0000,0.156700,0
1172,358.47,5,0.702242,0.0000,0.156500,0
1173,358.47,5,0.651999,0.2000,0.167500,0
1174,358.34,5,0.588544,0.0000,0.159400,0
1175,357.49,5,0.525287,0.0000,0.161100,0
1176,357.49,9,0.438593,0.0000,0.087900,0
1177,356.45,9,0.254281,0.0000,0.094500,0
1178,356.45,9,0.211708,0.0000,0.094600,0
1179,355.48,3,0.115436,0.0000,0.027400,0
1180,355.42,17,0.031104,0.0000,0.046500,0
1181,354.83,17,0.040655,0.0000,0.046300,0
1182,354.51,17,0.007373,0.0000,0.052300,0
1183,353.86,9,0.603306,0.0000,0.095900,0
1184,353.54,11,1.702819,0.0000,0.225000,0
1185,353.54,11,1.200324,0.0000,0.230600,0
1186,353.21,11,1.493862,0.2000,0.230200,0
1187,352.82,11,1.500718,0.0000,0.229700,0
1188,352.56,11,1.608345,0.4000,0.225100,0
1189,352.56,2,1.656590,0.0000,0.408200,0
1190,352.24,2,1.731132,0.0000,0.407900,0
1191,352.11,2,1.782573,0.2000,0.403000,0
1192,351.85,2,1.835167,0.2000,0.399100,0
1193,351.59,2,1.902179,0.0000,0.391700,0
1194,351.20,2,1.911509,0.4000,0.406000,0
1195,350.55,2,1.891534,0.0000,0.395500,0
1196,350.55,2,1.878509,0.4000,0.391900,0
1197,350.23,2,1.914350,0.2000,0.408900,0
1198,349.52,2,1.918021,0.0000,0.387500,0
1199,349.52,2,1.922296,0.2000,0.398900,0
1200,348.87,2,1.923070,0.2000,0.399600,0
1201,348.61,2,1.868375,0.2000,0.399200,0
1202,348.61,2,1.895223,0.0000,0.387300,0
1203,347.90,2,1.810299,0.0000,0.399200,0
1204,347.57,2,1.751136,0.0000,0.391100,0
1205,347.57,2,1.683567,0.2000,0.394600,0
1206,346.86,11,1.608533,0.0000,0.227800,0
1207,346.60,11,1.545538,0.2000,0.227200,0
1208,346.21,11,1.466665,0.2000,0.230300,0
1209,346.21,11,1.368131,0.0000,0.221100,0
1210,345.63,11,1.273040,0.0000,0.234000,0
1211,344.79,11,1.170799,0.0000,0.228400,0
1212,344.66,11,1.050321,0.0000,0.232500,0
1213,343.69,11,0.956910,0.0000,0.228900,0
1214,343.69,5,0.860177,0.0000,0.154300,0
1215,342.71,5,0.776305,0.0000,0.158600,0
1216,341.81,5,0.728021,0.0000,0.156400,0
1217,341.74,5,0.660974,0.0000,0.159700,0
1218,341.29,5,0.661172,0.0000,0.152500,0
1219,340.64,5,0.681108,0.0000,0.165600,0
1220,340.64,5,0.702664,0.0000,0.162200,0
1221,340.32,5,0.744676,0.0000,0.168300,0
1222,339.73,5,0.757950,0.0000,0.163200,0
1223,339.73,5,0.804231,0.0000,0.157300,0
1224,339.08,5,0.873905,0.0000,0.155800,0
1225,338.83,5,0.783356,0.0000,0.156600,0
1226,338.70,5,0.696673,0.0000,0.161800,0
1227,338.37,5,0.749816,0.0000,0.162400,0
1228,337.79,5,0.845388,0.0000,0.154800,0
1229,337.66,11,0.945123,0.2000,0.227500,0
1230,336.82,11,1.051559,0.0000,0.227400,0
1231,336.69,11,1.125933,0.0000,0.224300,0
1232,336.36,11,1.205313,0.0000,0.237700,0
1233,335.72,11,1.263805,0.0000,0.220600,0
1234,335.72,11,1.324002,0.0000,0.231200,0
1235,335.39,11,1.161537,0.0000,0.235200,0
1236,334.81,11,1.107695,0.0000,0.234700,0
1237,334.74,11,1.146677,0.0000,0.227700,0
1238,334.42,11,1.118522,0.0000,0.225500,0
1239,333.84,11,1.080842,0.0000,0.238700,0
1240,333.45,11,1.037119,0.0000,0.231100,0
1241,332.80,11,1.018656,0.0000,0.232800,0
1242,332.74,11,1.008133,0.0000,0.227400,0
1243,331.76,11,1.051879,0.0000,0.230300,0
1244,331.44,11,1.126661,0.0000,0.227400,0
1245,331.18,11,1.169657,0.2000,0.230700,0
1246,331.18,11,1.192866,0.2000,0.230400,0
1247,330.47,11,1.207734,0.0000,0.228400,0
1248,329.82,11,1.211116,0.0000,0.232000,0
1249,329.50,11,1.190934,0.0000,0.224100,0
1250,328.85,11,1.297654,0.0000,0.239600,0
1251,328.53,11,1.298404,0.2000,0.229000,0
1252,327.81,11,1.310208,0.0000,0.226900,0
1253,327.81,11,1.318584,0.0000,0.229200,0
1254,327.10,11,1.333872,0.0000,0.227200,0
1255,326.52,11,1.323114,0.0000,0.227200,0
1256,326.52,11,1.305890,0.0000,0.225200,0
1257,325.55,11,1.291727,0.0000,0.227400,0
1258,325.09,11,1.297261,0.0000,0.228600,0
1259,324.90,11,1.333514,0.0000,0.221900,0
1260,324.90,11,1.353544,0.0000,0.227800,0
1261,323.86,11,1.405749,0.0000,0.233200,0
1262,323.60,11,1.476563,0.0000,0.229500,0
1263,323.02,11,1.532867,0.4000,0.226300,0
1264,322.96,11,1.574288,0.0000,0.228900,0
1265,321.92,11,1.621640,0.2000,0.226300,0
1266,321.92,11,1.603951,0.4000,0.224100,0
1267,321.60,11,1.628924,0.2000,0.221100,0
1268,321.08,11,1.627050,0.4000,0.234100,0
1269,320.95,11,1.617253,0.0000,0.229300,0
1270,320.11,11,1.604783,0.2000,0.228700,0
1271,319.65,11,1.571909,0.0000,0.233200,0
1272,319.07,11,1.524269,0.2000,0.234900,0
1273,319.01,11,1.491447,0.0000,0.232200,0
1274,318.68,11,1.465240,0.0000,0.224700,0
1275,318.10,11,1.426746,0.0000,0.235600,0
1276,317.97,11,1.357079,0.2000,0.218900,0
1277,317.97,11,1.271639,0.0000,0.236900,0
1278,317.13,11,1.177356,0.0000,0.230600,0
1279,316.68,5,0.936360,0.0000,0.154000,0
1280,316.16,5,0.882978,0.0000,0.157900,0
1281,316.16,11,0.946327,0.0000,0.229100,0
1282,315.45,5,0.836637,0.0000,0.156800,0
1283,315.12,5,0.808947,0.0000,0.164100,0
1284,315.12,5,0.776245,0.0000,0.155000,0
1285,314.73,5,0.747809,0.0000,0.158100,0
1286,314.22,5,0.733110,0.0000,0.152800,0
1287,314.02,5,0.700318,0.2000,0.157700,0
1288,313.76,5,0.640506,0.0000,0.154600,0
1289,313.18,5,0.587601,0.0000,0.161400,0
1290,312.47,5,0.536690,0.0000,0.156100,0
1291,312.47,5,0.505481,0.0000,0.158500,0
1292,312.21,5,0.497547,0.0000,0.156400,0
1293,311.24,9,0.495284,0.0000,0.092800,0
1294,311.24,5,0.498781,0.0000,0.159100,0
1295,310.53,5,0.507558,0.0000,0.159700,0
1296,309.81,5,0.526675,0.0000,0.163100,0
1297,309.23,5,0.545097,0.0000,0.155800,0
1298,308.52,5,0.600003,0.0000,0.160000,0
1299,308.52,5,0.567160,0.0000,0.161600,0
1300,307.55,5,0.624969,0.0000,0.161300,0
1301,307.29,5,0.636610,0.0000,0.164800,0
1302,307.29,5,0.634377,0.0000,0.155200,0
1303,306.58,5,0.638270,0.0000,0.156000,0
1304,305.87,5,0.639753,0.0000,0.154800,0
1305,305.54,5,0.637275,0.0000,0.152500,0
1306,305.22,5,0.626606,0.0000,0.162800,0
1307,304.57,5,0.637779,0.0000,0.158900,0
1308,304.57,5,0.638021,0.0000,0.161700,0
1309,304.18,5,0.643905,0.0000,0.155800,0
1310,303.60,5,0.624752,0.0000,0.161500,0
1311,303.34,5,0.600280,0.2000,0.154700,0
1312,303.21,5,0.592814,0.0000,0.160800,0
1313,302.63,5,0.598523,0.0000,0.156900,0
1314,302.37,5,0.610864,0.0000,0.158600,0
1315,301.92,5,0.624694,0.0000,0.153500,0
1316,301.66,5,0.637346,0.0000,0.153500,0
1317,300.82,5,0.650206,0.0000,0.162400,0
1318,300.30,5,0.673925,0.0000,0.158500,0
1319,299.46,5,0.746610,0.0000,0.157200,0
1320,299.46,5,0.769448,0.0000,0.152700,0
1321,299.26,5,0.799537,0.0000,0.155900,0
1322,298.42,5,0.848811,0.0000,0.158700,0
1323,298.42,5,0.863705,0.0000,0.157000,0
1324,297.45,5,0.889799,0.0000,0.158100,0
1325,297.32,5,0.916990,0.0000,0.166600,0
1326,297.32,5,0.933024,0.0000,0.156700,0
1327,296.55,11,0.955575,0.0000,0.233300,0
1328,296.03,11,0.968804,0.2000,0.229700,0
1329,292.54,11,0.961971,0.0000,0.239300,0
1330,292.41,11,0.948309,0.0000,0.230100,0
1331,291.50,5,0.931076,0.0000,0.159300,0
1332,291.11,5,0.924801,0.0000,0.157600,0
1333,290.53,5,0.920881,0.0000,0.159700,0
1334,290.40,5,0.913617,0.0000,0.156200,0
1335,289.49,5,0.917593,0.0000,0.149500,0
1336,289.49,5,0.876606,0.0000,0.153000,0
1337,288.52,5,0.863585,0.0000,0.156900,0
1338,288.14,5,0.839793,0.0000,0.157900,0
1339,287.88,5,0.822234,0.0000,0.151500,0
1340,287.55,5,0.788977,0.0000,0.164500,0
1341,286.52,5,0.766582,0.0000,0.156700,0
1342,286.52,5,0.738087,0.0000,0.160100,0
1343,286.20,5,0.715086,0.0000,0.153900,0
1344,285.55,5,0.684877,0.0000,0.166800,0
1345,285.55,5,0.649278,0.0000,0.158500,0
1346,284.58,5,0.620104,0.0000,0.160200,0
1347,283.54,5,0.535551,0.0000,0.161100,0
1348,283.54,5,0.572287,0.0000,0.156500,0
1349,283.22,9,0.496177,0.0000,0.092000,0
1350,282.64,9,0.453756,0.0000,0.097100,0
1351,281.67,9,0.422990,0.0000,0.092200,0
1352,281.28,9,0.401299,0.0000,0.091800,0
1353,280.70,9,0.386880,0.0000,0.098900,0
1354,279.73,9,0.368806,0.0000,0.103400,0
1355,279.27,9,0.345925,0.2000,0.089200,0
1356,278.63,9,0.329424,0.0000,0.096300,0
1357,278.30,9,0.311057,0.0000,0.101100,0
1358,277.85,9,0.333893,0.0000,0.090100,0
1359,277.66,9,0.334697,0.0000,0.093100,0
1360,277.33,9,0.350152,0.0000,0.094200,0
1361,276.75,9,0.363210,0.0000,0.094200,0
1362,276.69,9,0.375259,0.0000,0.099400,0
1363,275.65,9,0.398832,0.0000,0.097500,0
1364,275.65,9,0.425994,0.0000,0.094000,0
1365,274.68,9,0.468878,0.0000,0.096100,0
1366,274.36,5,0.529256,0.0000,0.152500,0
1367,274.10,5,0.592702,0.0000,0.159700,0
1368,273.71,5,0.646258,0.0000,0.158900,0
1369,273.71,5,0.684802,0.0000,0.159600,0
1370,273.39,5,0.706102,0.0000,0.155400,0
1371,272.74,5,0.711474,0.2000,0.159600,0
1372,272.42,5,0.715016,0.0000,0.155200,0
1373,271.71,5,0.735876,0.0000,0.166400,0
1374,270.87,5,0.771295,0.0000,0.158500,0
1375,270.74,5,0.803319,0.0000,0.154500,0
1376,270.15,5,0.834256,0.0000,0.157400,0
1377,269.77,5,0.842683,0.0000,0.158500,0
1378,269.77,5,0.847049,0.0000,0.156000,0
1379,269.12,5,0.869024,0.0000,0.158400,0
1380,268.47,5,0.877771,0.0000,0.160800,0
1381,268.47,5,0.875764,0.0000,0.154900,0
1382,267.89,5,0.884992,0.0000,0.156100,0
1383,266.79,5,0.896959,0.0000,0.149500,0
1384,266.79,5,0.897513,0.0000,0.156400,0
1385,265.50,5,0.913492,0.0000,0.161500,0
1386,264.53,5,0.914132,0.0000,0.158200,0
1387,263.88,5,0.915233,0.0000,0.155800,0
1388,263.56,5,0.914330,0.0000,0.155700,0
1389,263.11,5,0.917066,0.0000,0.153600,0
1390,262.85,5,0.928908,0.0000,0.160500,0
1391,262.85,5,0.928786,0.0000,0.153100,0
1392,262.07,11,1.112165,0.0000,0.231500,0
1393,261.56,11,1.097199,0.0000,0.223600,0
1394,260.59,11,1.081565,0.0000,0.224000,0
1395,259.87,11,1.044968,0.0000,0.225000,0
1396,259.87,11,1.068805,0.0000,0.227000,0
1397,259.62,11,1.030575,0.0000,0.231300,0
1398,258.97,11,1.022040,0.0000,0.225200,0
1399,258.97,11,1.011583,0.0000,0.227400,0
1400,258.13,11,1.022746,0.0000,0.228400,0
1401,258.13,11,1.022740,0.0000,0.225500,0
1402,257.93,11,1.009952,0.0000,0.233000,0
1403,257.93,11,0.997675,0.2000,0.222500,0
1404,257.35,11,0.982473,0.2000,0.233100,0
1405,256.97,11,0.962084,0.0000,0.229400,0
1406,256.64,5,0.934393,0.0000,0.160200,0
1407,256.38,5,0.891786,0.0000,0.155500,0
1408,256.00,5,0.858002,0.2000,0.165200,0
1409,255.67,5,0.841891,0.0000,0.156900,0
1410,255.16,5,0.795061,0.2000,0.162100,0
1411,254.96,5,0.731094,0.0000,0.159100,0
1412,254.96,5,0.756097,0.0000,0.157300,0
1413,254.12,5,0.698487,0.0000,0.158300,0
1414,253.99,5,0.672282,0.0000,0.156200,0
1415,253.22,5,0.653733,0.0000,0.159900,0
1416,253.22,5,0.623960,0.0000,0.164000,0
1417,252.70,5,0.592981,0.0000,0.159900,0
1418,252.18,5,0.568820,0.0000,0.162700,0
1419,252.18,5,0.540235,0.0000,0.155700,0
1420,251.41,5,0.512029,0.0000,0.163700,0
1421,251.08,9,0.490008,0.0000,0.096300,0
1422,250.44,9,0.461277,0.0000,0.095300,0
1423,250.18,9,0.430192,0.0000,0.096600,0
1424,249.47,9,0.408085,0.0000,0.095400,0
1425,249.47,9,0.387885,0.0000,0.095600,0
1426,249.21,9,0.369230,0.0000,0.093400,0
1427,248.50,9,0.360787,0.0000,0.092600,0
1428,248.17,9,0.336787,0.0000,0.095800,0
1429,247.46,9,0.329428,0.0000,0.093400,0
1430,247.14,9,0.292611,0.0000,0.100800,0
1431,247.14,9,0.323112,0.0000,0.096400,0
1432,246.49,9,0.298005,0.2000,0.090500,0
1433,245.59,9,0.325823,0.0000,0.094100,0
1434,245.52,9,0.344968,0.0000,0.090800,0
1435,245.14,9,0.403004,0.0000,0.093200,0
1436,244.56,9,0.477559,0.0000,0.097100,0
1437,244.17,5,0.542062,0.0000,0.159700,0
1438,243.59,5,0.578783,0.0000,0.164100,0
1439,243.20,5,0.682187,0.0000,0.156400,0
1440,242.62,5,0.714980,0.4000,0.150000,0
1441,242.42,5,0.740504,0.0000,0.159700,0
1442,241.58,5,0.784447,0.0000,0.160500,0
1443,241.26,5,0.824522,0.0000,0.154600,0
1444,240.29,5,0.850557,0.0000,0.160300,0
1445,240.23,5,0.872269,0.0000,0.153600,0
1446,239.45,5,0.892356,0.0000,0.151600,0
1447,239.26,5,0.915572,0.0000,0.164600,0
1448,238.48,11,0.961796,0.0000,0.234100,0
1449,238.35,11,1.005776,0.0000,0.228500,0
1450,238.35,11,1.040891,0.0000,0.220100,0
1451,237.45,11,1.095042,0.0000,0.227800,0
1452,237.32,11,1.155088,0.0000,0.236200,0
1453,236.48,11,1.236030,0.2000,0.235600,0
1454,236.35,11,1.297232,0.0000,0.225300,0
1455,235.70,11,1.336356,0.2000,0.235300,0
1456,235.70,11,1.361330,0.0000,0.232500,0
1457,235.38,11,1.380159,0.0000,0.227400,0
1458,234.54,11,1.356300,0.0000,0.228600,0
1459,234.54,11,1.379726,0.0000,0.237400,0
1460,234.41,11,1.323676,0.0000,0.233800,0
1461,233.51,11,1.296168,0.0000,0.230200,0
1462,232.54,11,1.336350,0.2000,0.225500,0
1463,232.41,11,1.333965,0.0000,0.230800,0
1464,232.41,11,1.321269,0.0000,0.238500,0
1465,231.50,11,1.290145,0.0000,0.228400,0
1466,231.44,11,1.241010,0.0000,0.231300,0
1467,230.53,11,1.176154,0.0000,0.224700,0
1468,230.53,11,1.087327,0.0000,0.229600,0
1469,229.56,11,1.044033,0.0000,0.221400,0
1470,229.11,11,1.054888,0.2000,0.225200,0
1471,228.79,11,1.045120,0.0000,0.226300,0
1472,228.66,11,1.026797,0.0000,0.229200,0
1473,228.60,11,1.034860,0.0000,0.230000,0
1474,227.56,11,0.959945,0.0000,0.232400,0
1475,227.56,11,0.985798,0.0000,0.234900,0
1476,226.53,5,0.868903,0.0000,0.156500,0
1477,226.53,5,0.908012,0.0000,0.157500,0
1478,225.62,5,0.835120,0.0000,0.156000,0
1479,225.17,5,0.805261,0.0000,0.160600,0
1480,225.17,5,0.778074,0.0000,0.158600,0
1481,224.53,5,0.752463,0.0000,0.159800,0
1482,223.62,5,0.739564,0.0000,0.154400,0
1483,222.65,5,0.735285,0.0000,0.155700,0
1484,222.65,5,0.725983,0.0000,0.157000,0
1485,221.62,5,0.703423,0.2000,0.156100,0
1486,221.62,5,0.674622,0.0000,0.160000,0
1487,220.59,5,0.687349,0.0000,0.157800,0
1488,220.59,5,0.687628,0.0000,0.156200,0
1489,219.62,5,0.709848,0.0000,0.159200,0
1490,218.97,5,0.722998,0.0000,0.154700,0
1491,218.65,5,0.743659,0.0000,0.158500,0
1492,218.26,5,0.858555,0.0000,0.163600,0
1493,217.61,11,1.002522,0.0000,0.229600,0
1494,217.61,5,0.917224,0.0000,0.155400,0
1495,216.58,11,1.123658,0.0000,0.234900,0
1496,216.58,11,1.200258,0.0000,0.235300,0
1497,215.74,11,1.286480,0.0000,0.224300,0
1498,214.84,11,1.363130,0.0000,0.230700,0
1499,214.64,11,1.417802,0.0000,0.225500,0
1500,213.87,11,1.461813,0.0000,0.227500,0
1501,213.35,11,1.490488,0.0000,0.227500,0
1502,213.35,11,1.518804,0.0000,0.227300,0
1503,212.64,11,1.543666,0.0000,0.230500,0
1504,212.38,11,1.559566,0.2000,0.233800,0
1505,212.06,11,1.564725,0.0000,0.229700,0
1506,211.67,11,1.576505,0.2000,0.225800,0
1507,211.09,11,1.586399,0.0000,0.229400,0
1508,210.70,11,1.600941,0.0000,0.228900,0
1509,209.74,11,1.610357,0.0000,0.229600,0
1510,209.74,11,1.614145,0.0000,0.223700,0
1511,208.77,11,1.625470,0.0000,0.234200,0
1512,208.77,11,1.630494,0.2000,0.228300,0
1513,207.80,2,1.646046,0.0000,0.396600,0
1514,207.80,2,1.656277,0.0000,0.397800,0
1515,206.77,2,1.671400,0.0000,0.397900,0
1516,206.44,2,1.680036,0.0000,0.398200,0
1517,205.80,2,1.689334,0.2000,0.406700,0
1518,205.47,2,1.702091,0.2000,0.404400,0
1519,205.47,2,1.699178,0.0000,0.400100,0
1520,204.83,2,1.694860,0.2000,0.402700,0
1521,203.86,2,1.694691,0.2000,0.395300,0
1522,203.86,2,1.688132,0.2000,0.397800,0
1523,202.83,11,1.608909,0.0000,0.234400,0
1524,202.83,2,1.661514,0.0000,0.393600,0
1525,201.86,11,1.564981,0.0000,0.229500,0
1526,201.21,11,1.499577,0.2000,0.227100,0
1527,201.15,11,1.455499,0.0000,0.230900,0
1528,200.89,11,1.256070,0.0000,0.225400,0
1529,200.76,11,1.217319,0.0000,0.228800,0
1530,200.76,11,1.184528,0.0000,0.235600,0
1531,200.25,11,1.135043,0.0000,0.235800,0
1532,199.47,11,1.091672,0.0000,0.226000,0
1533,199.15,11,1.054359,0.0000,0.233500,0
1534,198.18,11,0.992850,0.0000,0.231600,0
1535,198.12,5,0.922324,0.0000,0.157300,0
1536,197.47,5,0.856951,0.0000,0.150900,0
1537,197.15,5,0.786307,0.0000,0.156000,0
1538,197.08,5,0.763426,0.0000,0.157000,0
1539,196.63,5,0.736144,0.0000,0.151700,0
1540,196.12,5,0.723871,0.0000,0.158600,0
1541,196.05,5,0.719774,0.0000,0.157700,0
1542,196.05,5,0.729119,0.0000,0.161700,0
1543,195.08,5,0.753972,0.0000,0.161700,0
1544,194.63,5,0.781760,0.0000,0.163500,0
1545,194.63,5,0.798358,0.0000,0.165400,0
1546,194.18,5,0.809610,0.0000,0.147700,0
1547,194.05,5,0.800560,0.0000,0.160400,0
1548,193.28,5,0.788690,0.0000,0.155500,0
1549,192.31,5,0.824654,0.0000,0.156900,0
1550,192.31,5,0.869882,0.0000,0.148800,0
1551,191.40,5,0.871217,0.0000,0.161100,0
1552,191.15,5,0.898163,0.0000,0.160200,0
1553,191.02,5,0.900558,0.0000,0.156800,0
1554,190.69,5,0.904734,0.0000,0.158900,0
1555,190.11,5,0.914808,0.0000,0.157600,0
1556,189.34,11,0.948709,0.0000,0.227200,0
1557,189.15,11,0.962154,0.2000,0.242100,0
1558,188.44,11,0.998408,0.2000,0.226800,0
1559,188.18,11,0.985620,0.0000,0.234400,0
1560,188.18,11,0.978273,0.0000,0.229900,0
1561,188.11,11,0.969834,0.0000,0.232200,0
1562,187.21,11,0.990989,0.0000,0.226900,0
1563,187.21,11,0.982906,0.0000,0.226500,0
1564,186.76,11,0.987548,0.0000,0.228500,0
1565,186.05,11,1.002870,0.0000,0.222800,0
1566,185.79,11,1.010147,0.0000,0.235800,0
1567,184.50,11,1.050280,0.0000,0.228500,0
1568,184.50,11,1.056413,0.0000,0.236300,0
1569,184.24,11,1.067546,0.0000,0.234600,0
1570,183.28,11,1.097537,0.0000,0.226700,0
1571,183.28,11,1.099002,0.0000,0.223000,0
1572,182.82,11,1.119237,0.2000,0.229900,0
1573,182.18,11,1.146353,0.0000,0.236700,0
1574,181.47,11,1.167051,0.0000,0.223600,0
1575,181.21,11,1.183311,0.0000,0.229200,0
1576,181.21,11,1.189861,0.0000,0.232100,0
1577,180.44,11,1.214618,0.0000,0.230600,0
1578,180.31,11,1.233339,0.2000,0.228900,0
1579,180.12,11,1.244138,0.2000,0.231700,0
1580,180.12,11,1.256340,0.0000,0.232200,0
1581,179.21,11,1.272307,0.0000,0.231400,0
1582,178.50,11,1.268460,0.0000,0.231900,0
1583,178.25,11,1.260446,0.0000,0.223600,0
1584,177.67,11,1.275401,0.0000,0.232300,0
1585,177.47,11,1.277581,0.0000,0.229800,0
1586,177.15,11,1.268407,0.0000,0.230200,0
1587,177.15,11,1.252092,0.0000,0.228200,0
1588,176.18,11,1.241016,0.2000,0.219900,0
1589,175.80,11,1.211474,0.0000,0.224800,0
1590,175.41,11,1.190148,0.0000,0.226000,0
1591,175.22,11,1.145298,0.0000,0.230200,0
1592,175.22,11,1.177403,0.0000,0.227600,0
1593,174.51,11,1.096317,0.0000,0.229600,0
1594,174.31,11,1.008871,0.0000,0.230200,0
1595,174.31,11,1.053135,0.0000,0.221800,0
1596,173.48,11,0.964551,0.0000,0.229300,0
1597,173.35,5,0.899836,0.0000,0.161700,0
1598,173.35,5,0.836958,0.0000,0.157100,0
1599,172.44,5,0.799265,0.0000,0.160500,0
1600,172.32,5,0.761001,0.0000,0.156200,0
1601,172.32,5,0.730940,0.0000,0.159200,0
1602,171.61,5,0.718170,0.0000,0.161600,0
1603,171.35,5,0.694556,0.0000,0.158100,0
1604,170.77,5,0.674402,0.0000,0.155900,0
1605,170.51,5,0.650804,0.0000,0.161200,0
1606,170.32,5,0.641705,0.0000,0.153000,0
1607,169.48,5,0.639274,0.0000,0.159400,0
1608,169.48,5,0.621162,0.0000,0.160000,0
1609,168.51,5,0.606643,0.0000,0.159700,0
1610,168.32,5,0.604916,0.0000,0.155800,0
1611,168.32,5,0.611182,0.0000,0.158700,0
1612,167.55,5,0.605787,0.0000,0.152000,0
1613,167.42,5,0.619338,0.0000,0.160200,0
1614,166.84,5,0.650242,0.0000,0.162000,0
1615,166.52,5,0.669266,0.0000,0.150000,0
1616,166.45,5,0.679104,0.0000,0.160600,0
1617,165.81,5,0.725986,0.0000,0.162500,0
1618,165.55,5,0.747552,0.0000,0.155500,0
1619,165.49,5,0.753753,0.0000,0.162200,0
1620,164.84,5,0.766637,0.0000,0.160700,0
1621,164.58,5,0.776693,0.0000,0.158000,0
1622,164.39,5,0.794761,0.0000,0.157000,0
1623,163.49,5,0.814758,0.0000,0.156200,0
1624,163.49,5,0.821868,0.0000,0.158400,0
1625,163.42,5,0.843656,0.0000,0.152300,0
1626,162.59,5,0.877669,0.0000,0.150200,0
1627,162.59,5,0.867700,0.0000,0.157700,0
1628,162.39,5,0.930200,0.0000,0.155100,0
1629,161.62,11,0.981103,0.0000,0.232900,0
1630,161.43,11,1.057217,0.0000,0.225500,0
1631,160.72,11,1.244988,0.0000,0.226300,0
1632,160.65,11,1.333310,0.0000,0.229800,0
1633,160.20,11,1.421783,0.0000,0.234700,0
1634,160.20,11,1.471479,0.0000,0.230900,0
1635,159.56,11,1.504449,0.0000,0.228900,0
1636,158.53,11,1.556051,0.0000,0.223700,0
1637,158.53,11,1.580476,0.2000,0.221900,0
1638,157.50,2,1.638787,0.2000,0.393300,0
1639,157.24,2,1.661989,0.2000,0.394100,0
1640,157.24,2,1.674383,0.2000,0.401400,0
1641,156.60,2,1.696938,0.2000,0.397900,0
1642,156.08,2,1.716412,0.0000,0.398200,0
1643,156.08,2,1.686856,0.2000,0.400400,0
1644,155.42,2,1.728407,0.2000,0.397600,0
1645,155.08,2,1.759173,0.0000,0.392400,0
1646,155.00,2,1.788692,0.2000,0.392100,0
1647,154.42,2,1.764172,0.0000,0.395300,0
1648,154.42,2,1.732786,0.0000,0.401000,0
1649,154.08,2,1.768239,0.0000,0.406500,0
1650,154.00,2,1.768493,0.0000,0.388400,0
1651,153.42,2,1.714754,0.2000,0.391100,0
1652,153.33,2,1.655775,0.0000,0.397900,0
1653,153.08,2,1.658088,0.4000,0.406400,0
1654,152.75,11,1.613954,0.0000,0.223200,0
1655,152.42,11,1.552536,0.2000,0.229400,0
1656,151.75,11,1.509305,0.0000,0.225900,0
1657,151.08,11,1.575360,0.0000,0.230400,0
1658,151.08,11,1.547621,0.0000,0.228700,0
1659,150.42,11,1.532014,0.0000,0.223200,0
1660,150.08,11,1.552353,0.0000,0.229900,0
1661,149.42,11,1.505564,0.0000,0.234200,0
1662,149.08,11,1.514690,0.0000,0.232100,0
1663,149.00,11,1.469655,0.0000,0.229800,0
1664,148.42,11,1.429822,0.0000,0.230200,0
1665,148.17,11,1.465465,0.0000,0.235500,0
1666,148.08,11,1.453496,0.0000,0.226000,0
1667,147.75,11,1.463334,0.2000,0.226500,0
1668,147.42,11,1.428003,0.2000,0.218300,0
1669,147.08,11,1.403202,0.0000,0.235800,0
1670,146.42,11,1.390676,0.0000,0.234700,0
1671,146.42,11,1.367538,0.0000,0.228200,0
1672,146.00,11,1.363082,0.0000,0.228400,0
1673,145.42,11,1.396951,0.0000,0.227000,0
1674,145.08,11,1.382157,0.0000,0.225600,0
1675,145.08,11,1.369515,0.0000,0.228700,0
1676,144.42,11,1.405635,0.0000,0.234400,0
1677,144.08,11,1.362102,0.0000,0.230000,0
1678,144.00,11,1.302302,0.0000,0.222800,0
1679,143.42,11,1.334510,0.0000,0.222100,0
1680,143.08,11,1.322488,0.0000,0.231200,0
1681,143.08,11,1.255515,0.0000,0.235100,0
1682,142.42,11,1.210947,0.0000,0.225300,0
1683,142.42,11,1.245044,0.0000,0.228900,0
1684,142.08,11,1.200877,0.0000,0.232900,0
1685,141.42,11,1.149464,0.0000,0.227000,0
1686,141.08,11,1.087266,0.0000,0.230400,0
1687,141.08,11,1.091953,0.0000,0.223900,0
1688,140.42,11,1.153099,0.0000,0.228800,0
1689,140.42,11,1.169612,0.0000,0.232000,0
1690,140.08,11,1.172075,0.0000,0.224200,0
1691,139.75,11,1.109397,0.0000,0.228100,0
1692,139.42,11,1.177448,0.0000,0.227700,0
1693,139.08,11,1.042747,0.0000,0.227800,0
1694,139.08,11,1.128136,0.0000,0.235100,0
1695,138.42,11,1.099095,0.2000,0.226300,0
1696,138.42,11,1.138027,0.0000,0.225700,0
1697,138.08,11,1.092524,0.0000,0.228300,0
1698,137.75,11,1.003885,0.0000,0.227900,0
1699,137.42,11,1.029802,0.0000,0.226900,0
1700,137.00,11,0.987211,0.0000,0.238000,0
1701,136.75,11,0.961651,0.2000,0.229200,0
1702,136.42,11,0.962959,0.0000,0.234200,0
1703,136.00,5,0.920559,0.0000,0.158900,0
1704,135.67,5,0.879899,0.0000,0.160900,0
1705,135.42,5,0.914210,0.0000,0.154400,0
1706,135.08,5,0.883159,0.0000,0.163500,0
1707,135.00,5,0.863527,0.0000,0.162200,0
1708,134.42,5,0.875889,0.0000,0.161200,0
1709,134.42,5,0.860992,0.0000,0.156600,0
1710,134.08,5,0.840477,0.2000,0.151700,0
1711,133.67,5,0.797650,0.0000,0.158600,0
1712,133.42,5,0.809824,0.0000,0.157100,0
1713,133.08,5,0.812165,0.0000,0.157000,0
1714,133.00,5,0.804030,0.0000,0.161500,0
1715,132.75,5,0.799310,0.0000,0.155900,0
1716,132.42,5,0.812173,0.0000,0.162800,0
1717,132.08,5,0.776123,0.0000,0.160600,0
1718,132.08,5,0.762660,0.0000,0.159700,0
1719,131.42,5,0.804751,0.0000,0.155900,0
1720,131.42,5,0.802111,0.0000,0.155300,0
1721,131.08,5,0.785850,0.0000,0.155800,0
1722,130.75,5,0.790386,0.0000,0.156700,0
1723,130.08,5,0.740457,0.2000,0.159000,0
1724,130.08,5,0.773167,0.0000,0.159700,0
1725,129.42,5,0.783976,0.0000,0.158200,0
1726,129.00,5,0.828189,0.0000,0.155100,0
1727,128.75,5,0.785040,0.0000,0.161000,0
1728,128.42,5,0.787489,0.0000,0.156500,0
1729,128.08,5,0.825383,0.0000,0.152000,0
1730,128.08,5,0.802617,0.0000,0.155500,0
1731,127.42,5,0.798741,0.0000,0.159700,0
1732,127.08,5,0.859323,0.0000,0.162600,0
1733,127.00,5,0.857111,0.0000,0.152100,0
1734,126.42,5,0.843609,0.0000,0.159400,0
1735,126.42,5,0.871666,0.0000,0.155300,0
1736,126.08,5,0.855653,0.0000,0.158400,0
1737,125.33,5,0.827759,0.0000,0.153300,0
1738,125.08,5,0.896936,0.0000,0.153500,0
1739,125.08,5,0.865350,0.0000,0.154600,0
1740,124.42,5,0.863455,0.0000,0.155400,0
1741,124.42,5,0.820557,0.0000,0.148100,0
1742,123.75,5,0.841652,0.0000,0.158100,0
1743,123.42,5,0.812352,0.0000,0.154700,0
1744,123.27,5,0.827912,0.0000,0.156600,0
1745,122.50,5,0.814912,0.0000,0.161800,0
1746,122.24,5,0.841390,0.0000,0.154500,0
1747,121.28,5,0.853764,0.0000,0.153900,0
1748,121.21,5,0.872031,0.0000,0.159400,0
1749,120.83,5,0.917732,0.0000,0.157800,0
1750,120.57,11,1.029447,0.2000,0.226100,0
1751,120.57,11,1.067970,0.0000,0.221400,0
1752,119.54,11,1.481606,0.0000,0.230600,0
1753,119.54,11,1.451425,0.0000,0.219500,0
1754,118.97,11,1.446452,0.0000,0.227500,0
1755,118.97,11,1.442649,0.0000,0.224400,0
1756,118.32,11,1.417868,0.0000,0.232700,0
1757,118.32,11,1.440482,0.0000,0.230900,0
1758,117.62,11,1.480563,0.2000,0.228100,0
1759,117.23,11,1.452105,0.0000,0.229500,0
1760,117.23,11,1.428294,0.0000,0.234900,0
1761,116.59,11,1.429456,0.0000,0.229900,0
1762,116.59,11,1.412211,0.0000,0.234400,0
1763,115.62,11,1.436531,0.2000,0.229200,0
1764,115.37,11,1.430107,0.0000,0.229900,0
1765,114.66,11,1.428515,0.0000,0.230900,0
1766,114.66,11,1.431636,0.2000,0.230800,0
1767,114.40,11,1.408145,0.0000,0.233000,0
1768,113.44,11,1.414713,0.0000,0.227600,0
1769,113.44,11,1.431017,0.2000,0.229600,0
1770,113.38,11,1.419715,0.0000,0.227300,0
1771,112.41,11,1.416949,0.0000,0.232700,0
1772,112.41,11,1.421203,0.0000,0.223600,0
1773,112.28,11,1.391024,0.0000,0.226800,0
1774,111.51,11,1.393105,0.2000,0.235900,0
1775,111.38,11,1.383646,0.0000,0.234600,0
1776,111.38,11,1.375398,0.0000,0.225900,0
1777,110.68,5,1.002013,0.0000,0.157700,0
1778,110.68,5,0.647224,0.0000,0.158500,0
1779,110.08,5,0.595454,0.0000,0.158100,0
1780,110.08,5,0.547371,0.0000,0.160100,0
1781,109.71,5,0.536221,0.0000,0.160600,0
1782,109.71,5,0.580698,0.0000,0.154300,0
1783,108.56,5,0.725177,0.0000,0.153100,0
1784,108.56,5,0.689419,0.0000,0.162500,0
1785,107.47,5,0.692034,0.0000,0.160600,0
1786,106.50,5,0.694048,0.0000,0.163800,0
1787,106.38,5,0.643585,0.0000,0.156200,0
1788,106.38,5,0.695484,0.0000,0.153600,0
1789,105.60,5,0.640008,0.0000,0.159600,0
1790,105.28,5,0.626451,0.0000,0.155600,0
1791,105.28,5,0.619767,0.0000,0.162000,0
1792,104.32,5,0.578629,0.0000,0.158900,0
1793,103.55,5,0.603968,0.0000,0.151600,0
1794,103.55,5,0.613576,0.0000,0.155100,0
1795,103.36,5,0.612865,0.0000,0.158800,0
1796,102.46,5,0.614164,0.0000,0.157900,0
1797,102.14,5,0.654035,0.0000,0.165500,0
1798,102.14,5,0.676118,0.0000,0.157400,0
1799,101.43,5,0.717008,0.0000,0.158700,0
1800,101.43,5,0.748865,0.0000,0.158000,0
1801,100.85,5,0.771716,0.0000,0.155300,0
1802,99.89,5,0.804090,0.0000,0.153700,0
1803,99.89,5,0.792765,0.0000,0.156400,0
1804,99.19,5,0.837591,0.0000,0.157800,0
1805,98.61,5,0.875082,0.0000,0.161300,0
1806,98.48,5,0.896995,0.0000,0.159500,0
1807,97.45,11,1.356913,0.0000,0.228200,0
1808,97.45,2,2.100157,0.2000,0.395900,0
1809,96.55,2,1.922252,0.2000,0.395400,0
1810,96.23,2,1.990212,0.0000,0.402200,0
1811,96.23,2,2.011362,0.6000,0.395900,0
1812,95.46,2,2.032246,0.2000,0.393900,0
1813,94.95,2,2.039372,0.4000,0.396300,0
1814,94.50,2,2.043037,0.0000,0.392100,0
1815,93.48,2,2.069360,0.2000,0.389400,0
1816,93.48,2,2.080331,0.2000,0.399700,0
1817,93.28,2,2.086376,0.6000,0.393000,0
1818,92.51,2,2.104701,0.2000,0.391700,0
1819,91.74,2,2.136884,0.0000,0.394000,0
1820,91.62,2,2.150358,0.2000,0.397200,0
1821,90.65,2,2.187342,0.0000,0.396000,0
1822,90.33,2,2.206550,0.4000,0.393600,0
1823,89.63,2,2.236520,0.2000,0.402300,0
1824,89.63,2,2.229781,0.2000,0.386100,0
1825,88.79,2,2.268304,0.2000,0.406000,0
1826,88.79,2,2.285790,0.2000,0.394900,0
1827,87.70,2,2.313036,0.2000,0.400600,0
1828,87.70,2,2.332505,0.2000,0.400500,0
1829,87.38,2,2.343119,0.2000,0.401300,0
1830,86.61,2,2.361141,0.0000,0.398700,0
1831,86.61,2,2.363766,0.4000,0.399600,0
1832,86.10,2,2.376883,0.4000,0.401400,0
1833,85.84,2,2.384998,0.2000,0.403000,0
1834,85.40,2,2.396510,0.4000,0.400000,0
1835,84.43,2,2.407269,0.2000,0.390300,0
1836,84.43,2,2.413848,0.2000,0.393100,0
1837,84.11,2,2.409918,0.8000,0.396900,0
1838,83.79,2,2.397444,0.2000,0.395000,0
1839,82.90,2,2.399901,0.2000,0.401300,0
1840,82.77,2,2.391613,0.4000,0.403700,0
1841,81.87,2,2.419740,0.4000,0.400000,0
1842,81.74,2,2.411900,0.4000,0.394700,0
1843,80.85,2,2.436678,0.4000,0.389300,0
1844,80.78,2,2.453857,0.6000,0.390100,0
1845,80.78,2,2.438159,0.2000,0.401100,0
1846,79.50,2,2.449481,0.2000,0.403600,0
1847,79.50,2,2.447382,0.4000,0.401800,0
1848,79.08,2,2.436632,0.4000,0.392300,0
1849,78.86,2,2.404492,0.4000,0.396700,0
1850,78.42,2,2.349364,0.0000,0.404800,0
1851,78.08,2,2.285037,0.4000,0.389800,0
1852,78.00,2,2.246207,0.4000,0.398600,0
1853,78.00,2,2.159390,0.0000,0.395600,0
1854,77.26,2,2.095983,0.0000,0.399500,0
1855,76.56,2,2.076044,0.4000,0.394200,0
1856,76.08,2,2.037799,0.4000,0.396000,0
1857,75.75,2,2.026740,0.2000,0.395700,0
1858,75.08,2,2.001576,0.2000,0.397000,0
1859,74.67,2,2.011395,0.6000,0.390900,0
1860,73.75,2,2.030772,0.4000,0.402100,0
1861,73.08,2,2.025230,0.4000,0.392200,0
1862,73.04,2,2.020155,0.4000,0.392700,0
1863,73.04,2,2.003788,0.0000,0.402100,0
1864,72.08,2,2.046732,0.6000,0.394900,0
1865,72.08,2,2.025062,0.4000,0.406600,0
1866,71.12,2,2.029743,0.4000,0.389200,0
1867,71.05,2,2.012293,0.6000,0.399200,0
1868,70.16,2,2.053629,0.6000,0.405500,0
1869,69.90,2,2.048758,0.2000,0.398900,0
1870,69.90,2,2.041956,0.2000,0.393400,0
1871,69.13,2,2.023408,0.6000,0.391600,0
1872,69.01,2,2.021099,0.0000,0.389300,0
1873,68.11,2,2.000071,0.2000,0.396300,0
1874,67.28,2,1.962187,0.4000,0.404600,0
1875,67.15,2,1.942311,0.2000,0.404800,0
1876,66.32,2,1.921463,0.2000,0.401600,0
1877,66.32,2,1.885275,0.0000,0.396600,0
1878,65.43,2,1.853376,0.0000,0.402500,0
1879,65.17,2,1.797759,0.2000,0.402900,0
1880,64.53,2,1.795810,0.4000,0.391000,0
1881,64.08,2,1.711759,0.0000,0.394400,0
1882,63.76,11,1.630389,0.4000,0.230500,0
1883,63.76,11,1.538079,0.0000,0.234600,0
1884,63.06,11,1.498365,0.2000,0.229100,0
1885,63.06,11,1.499392,0.0000,0.225800,0
1886,62.23,2,1.691313,0.2000,0.396800,0
1887,62.23,11,1.611843,0.2000,0.222400,0
1888,61.46,2,1.661967,0.0000,0.399100,0
1889,61.21,11,1.630521,0.2000,0.231900,0
1890,61.21,2,1.646967,0.2000,0.391800,0
1891,60.82,2,1.637435,0.2000,0.400800,0
1892,60.82,2,1.647692,0.2000,0.406800,0
1893,60.12,2,1.711205,0.0000,0.390100,0
1894,60.12,2,1.699846,0.2000,0.397500,0
1895,59.55,2,1.744182,0.2000,0.389400,0
1896,59.55,2,1.706404,0.2000,0.400000,0
1897,59.08,2,1.717228,0.2000,0.399400,0
1898,58.40,2,1.730055,0.0000,0.407200,0
1899,58.40,2,1.707241,0.0000,0.400300,0
1900,58.27,2,1.708572,0.0000,0.388900,0
1901,57.50,2,1.742912,0.0000,0.396600,0
1902,57.50,2,1.743739,0.2000,0.409200,0
1903,56.86,2,1.789538,0.2000,0.392600,0
1904,56.48,2,1.806521,0.0000,0.399000,0
1905,56.35,2,1.822973,0.0000,0.401400,0
1906,55.42,2,1.890431,0.0000,0.401000,0
1907,55.42,2,1.915798,0.2000,0.403700,0
1908,55.08,2,1.939948,0.2000,0.394900,0
1909,54.42,2,1.993237,0.2000,0.392800,0
1910,54.08,2,2.055909,0.6000,0.394900,0
1911,53.42,2,2.133320,0.2000,0.398900,0
1912,52.75,2,2.225898,0.2000,0.398400,0
1913,52.42,2,2.321424,0.4000,0.399800,0
1914,52.17,2,2.422978,0.8000,0.393000,0
1915,52.17,2,2.523865,0.4000,0.394200,0
1916,50.42,2,2.731928,0.6000,0.399600,0
1917,50.42,14,2.880890,0.8000,0.599600,0
1918,49.08,14,3.250838,1.0000,0.599500,0
1919,49.08,14,3.080724,0.6000,0.597000,0
1920,48.75,14,3.411564,0.6000,0.601500,0
1921,48.42,14,3.466734,0.6000,0.617600,0
1922,47.75,14,3.649716,0.6000,0.603300,0
1923,47.42,14,3.691083,0.8000,0.602200,0
1924,47.42,14,3.722065,0.6000,0.601200,0
1925,47.00,14,3.742877,1.0000,0.583200,0
1926,46.42,14,3.802776,0.8000,0.600500,0
1927,45.77,14,3.946099,0.8000,0.600500,0
1928,45.51,14,3.931352,0.8000,0.605500,0
1929,45.08,14,3.880170,0.6000,0.602800,0
1930,45.00,14,3.979006,0.4000,0.599700,0
1931,44.42,14,3.916756,0.8000,0.608100,0
1932,44.08,14,3.625180,0.8000,0.591600,0
1933,44.08,14,3.808310,0.6000,0.595600,0
1934,43.54,14,3.487992,0.4000,0.609100,0
1935,43.54,14,3.349981,0.2000,0.605300,0
1936,43.08,14,3.196414,0.0000,0.594300,0
1937,42.42,14,3.135468,0.4000,0.599600,0
1938,42.33,14,3.103109,0.8000,0.601500,0
1939,42.08,14,2.932448,0.6000,0.602200,0
1940,41.82,14,2.823610,0.8000,0.600800,0
1941,41.82,2,2.677398,0.6000,0.396500,0
1942,41.12,2,2.660559,0.4000,0.392000,0
1943,40.86,2,2.547199,0.4000,0.396900,0
1944,40.61,2,2.543558,0.8000,0.394100,0
1945,40.48,2,2.687756,0.2000,0.396100,0
1946,40.00,14,2.769832,0.4000,0.599600,0
1947,39.84,14,2.842269,0.8000,0.599500,0
1948,39.42,14,2.761432,0.6000,0.603600,0
1949,39.42,14,2.802946,0.8000,0.612600,0
1950,39.08,2,2.725238,0.6000,0.393700,0
1951,39.08,2,2.722644,0.6000,0.397700,0
1952,38.75,2,2.704094,0.6000,0.400200,0
1953,38.42,2,2.692809,0.2000,0.399100,0
1954,38.33,2,2.679230,0.2000,0.406900,0
1955,38.08,2,2.656724,0.6000,0.393600,0
1956,37.08,2,2.724809,0.6000,0.397600,0
1957,37.00,14,2.741945,0.2000,0.611800,0
1958,36.17,14,2.787749,0.6000,0.600200,0
1959,36.17,14,2.790474,0.6000,0.605700,0
1960,35.50,14,2.860891,0.4000,0.603600,0
1961,35.42,14,2.914344,0.8000,0.607900,0
1962,35.08,14,2.956155,0.2000,0.602200,0
1963,35.08,14,2.999343,0.2000,0.598300,0
1964,34.42,14,3.067233,0.8000,0.602400,0
1965,34.33,14,3.083591,0.6000,0.604300,0
1966,34.08,14,3.143158,0.8000,0.607600,0
1967,33.67,14,3.180369,0.0000,0.594400,0
1968,33.42,14,3.222405,1.0000,0.604600,0
1969,33.08,14,3.280300,0.6000,0.602300,0
1970,33.08,14,3.308855,0.4000,0.596500,0
1971,32.67,14,3.379527,0.8000,0.605200,0
1972,32.08,14,3.453882,0.8000,0.601400,0
1973,32.08,14,3.483528,1.0000,0.604900,0
1974,31.42,14,3.556180,0.6000,0.601800,0
1975,31.08,14,3.620033,0.6000,0.608800,0
1976,31.08,14,3.622901,0.6000,0.606100,0
1977,30.75,14,3.436754,0.2000,0.601500,0
1978,30.33,14,3.428395,0.6000,0.609400,0
1979,30.08,14,3.490022,1.0000,0.610100,0
1980,30.00,14,3.498136,0.8000,0.608000,0
1981,29.00,14,3.615160,1.0000,0.596500,0
1982,28.75,14,3.686005,0.8000,0.605000,0
1983,28.08,14,3.825162,0.4000,0.601100,0
1984,28.08,14,3.771412,0.8000,0.591600,0
1985,27.42,14,3.938929,0.8000,0.599700,0
1986,27.42,14,3.938035,0.4000,0.601700,0
1987,27.08,14,4.017939,0.0000,0.592400,0
1988,27.08,14,4.056181,1.0000,0.599200,0
1989,26.67,14,4.118870,0.4000,0.612400,0
1990,26.42,14,4.134718,0.4000,0.603000,0
1991,26.42,14,4.125360,0.8000,0.600700,0
1992,26.00,14,4.108475,0.4000,0.597500,0
1993,25.42,14,4.129546,0.4000,0.601400,0
1994,25.08,6,4.190336,0.6000,0.780000,0
1995,25.08,6,4.203985,0.6000,0.771600,0
1996,24.75,6,4.179751,0.6000,0.768700,0
1997,24.42,14,4.131375,0.6000,0.590100,0
1998,24.08,14,4.079138,0.8000,0.612600,0
1999,24.08,14,4.129446,0.6000,0.601400,0
2000,23.75,14,4.050081,1.0000,0.604000,0
2001,23.42,14,4.066106,1.0000,0.603900,0
2002,23.08,14,4.064098,1.0000,0.605700,0
2003,22.42,6,4.190887,0.6000,0.777900,0
2004,22.42,6,4.194797,0.6000,0.776500,0
2005,22.08,14,4.146558,0.6000,0.606800,0
2006,22.00,14,4.046183,0.8000,0.608100,0
2007,21.42,6,4.344364,0.6000,0.775300,0
2008,21.42,6,4.207321,0.6000,0.773800,0
2009,21.08,14,4.074809,1.0000,0.607700,0
2010,20.75,14,4.126976,0.8000,0.593300,0
2011,20.08,14,4.089057,0.8000,0.598400,0
2012,19.75,6,4.264527,1.0000,0.772700,0
2013,19.42,6,4.319516,0.4000,0.770200,0
2014,19.42,6,4.452959,0.6000,0.774000,0
2015,19.08,6,4.332602,0.8000,0.773200,0
2016,19.08,6,4.403447,0.6000,0.769200,0
2017,18.75,6,4.200847,0.6000,0.770600,0
2018,18.42,14,4.155116,0.8000,0.602100,0
2019,18.42,14,4.129526,0.4000,0.600400,0
2020,18.08,14,4.068075,1.0000,0.595600,0
2021,18.08,14,4.014189,0.2000,0.596600,0
2022,17.67,14,4.017056,0.0000,0.610100,0
2023,17.42,14,4.033327,0.8000,0.601400,0
2024,17.08,14,3.987226,0.6000,0.600900,0
2025,17.00,14,3.945274,0.2000,0.610200,0
2026,16.67,14,3.899129,0.8000,0.608200,0
2027,16.08,14,3.914669,0.8000,0.601000,0
2028,16.08,14,3.855786,0.8000,0.603700,0
2029,15.42,14,3.924403,0.8000,0.597700,0
2030,14.29,14,4.163005,0.4000,0.604600,0
2031,14.08,6,4.301658,0.6000,0.776300,0
2032,13.75,6,4.466323,0.6000,0.767200,0
2033,13.42,6,4.573577,0.6000,0.773100,0
2034,13.00,6,4.715267,1.0000,0.772300,0
2035,12.75,6,4.822518,1.0000,0.776800,0
2036,12.42,6,5.019899,0.8000,0.769300,0
2037,12.00,6,5.116497,0.8000,0.771700,0
2038,11.42,6,5.298770,0.8000,0.770200,0
2039,11.42,6,5.402730,0.8000,0.772500,0
2040,11.08,6,5.582122,0.6000,0.766800,0
2041,10.42,6,5.787102,0.8000,0.770700,0
2042,10.42,6,5.870816,1.0000,0.779500,0
2043,10.08,15,5.995037,0.6000,0.859100,0
2044,10.00,15,6.117108,0.8000,0.851900,0
2045,9.42,15,6.289843,0.8000,0.858800,0
2046,9.42,15,6.193352,1.0000,0.866300,0
2047,9.08,15,6.432611,0.8000,0.861700,0
2048,9.08,15,6.348804,1.0000,0.856200,0
2049,8.67,15,6.323124,1.0000,0.850000,0
2050,8.33,15,6.366723,1.0000,0.858300,0
2051,8.00,15,6.436596,1.0000,0.860400,0
2052,7.75,15,6.440569,1.0000,0.859300,0
2053,7.08,15,6.404981,0.8000,0.856600,0
2054,6.75,15,6.549269,0.8000,0.857200,0
2055,6.42,15,6.598832,0.8000,0.854100,0
2056,6.00,15,6.668489,1.0000,0.862700,0
2057,5.67,15,6.635073,0.8000,0.860500,0
2058,5.42,15,6.620701,0.8000,0.861900,0
2059,5.08,15,6.738724,0.6000,0.859800,0
2060,5.08,15,6.748039,1.0000,0.853200,0
2061,4.75,15,6.740545,0.6000,0.852200,0
2062,4.42,15,6.755626,1.0000,0.856100,0
2063,4.42,15,6.746894,0.8000,0.860100,0
2064,4.08,15,6.804809,1.0000,0.855100,0
2065,4.08,15,6.830398,0.8000,0.859400,0
2066,3.90,6,6.330256,0.8000,0.774000,0
2067,3.88,6,5.901293,0.8000,0.774600,0
2068,3.38,15,6.368492,0.8000,0.858100,0
2069,3.25,15,6.691359,0.8000,0.861400,0
2070,3.08,15,7.173956,0.8000,0.857500,0
2071,2.50,15,8.330163,1.0000,0.858100,0
2072,2.46,1,8.756479,1.0000,0.902100,0
2073,2.46,1,9.150119,0.8000,0.898300,0
2074,2.19,1,10.279047,1.0000,0.899100,0
2075,2.08,1,10.991332,1.0000,0.897100,0
2076,1.77,10,12.210906,0.8000,0.902600,0
2077,1.65,10,13.092947,0.8000,0.898100,0
2078,1.44,4,14.715442,1.0000,0.874600,0
2079,1.24,4,16.268277,1.0000,0.877700,0
2080,1.21,4,17.289462,1.0000,0.878000,0
2081,0.96,7,19.514578,1.0000,0.838400,0
2082,0.95,7,20.600208,0.8000,0.841400,0
2083,0.52,7,26.302027,1.0000,0.848100,0
2084,0.33,18,35.469327,0.8000,0.898900,0
2085,0.27,18,42.696152,1.0000,0.901300,0
