norad_id,object_name,decay_epoch,n_windows,H_max,H_mean,H_final,p_max,p_mean,p_final,P_forward_max,P_forward_mean,P_forward_final,artifact_count,artifact_pct,lead_0.10,lead_0.25,lead_0.50,lead_0.75
44236,STARLINK-22,2020-08-09,1075,12.98201640564705,2.2429018436814565,12.51901243057874,1.0,0.2558139534883721,1.0,0.9058,0.32728158139534885,0.899,0,0.0,418.0894061500003,417.82384961999924,243.74997685000017,241.08332176000022
44242,STARLINK-28,2020-08-21,1120,16.715192719332727,2.644315127637392,16.715192719332727,1.0,0.2849999999999999,1.0,0.9059,0.33799651785714285,0.8805,2,0.18,428.0936878400007,424.97321995999937,422.98158799999965,265.41665508999995
44243,STARLINK-29,2020-10-13,1247,15.1409265854539,1.9556292914536164,15.1409265854539,1.0,0.21780272654370492,0.8,0.9069,0.29776271050521247,0.8706,0,0.0,478.1596464200002,250.83332176000022,248.08332176000022,107.83332176000022
44248,STARLINK-34,2020-09-03,1121,39.830045726784974,2.268575729394795,34.12651198034689,1.0,0.2528099910793934,1.0,0.9043,0.31086057091882247,0.8983,0,0.0,442.87891879000017,442.87891879000017,442.6799346399994,277.7499884300005
44249,STARLINK-61,2022-07-29,2772,27.60506288333386,0.9249158570633342,27.60506288333386,1.0,0.07258297258297258,1.0,0.9059,0.16486727994227995,0.8961,4,0.14,1141.1631455499992,1141.1631455499992,1141.1631455499992,38.63675218999924
44252,STARLINK-71,2022-10-23,2884,18.15945834075136,0.8876359706786023,18.15945834075136,1.0,0.06692094313453537,0.8,0.9023,0.1573583217753121,0.8763,0,0.0,1196.1199393899997,1196.1199393899997,1196.1199393899997,1058.41665509
44255,STARLINK-66,2020-08-21,1125,21.92076514734722,2.5701923322216564,21.92076514734722,1.0,0.30808888888888886,1.0,0.9076,0.3513144888888889,0.8371,0,0.0,427.11324391000016,422.00170995999997,419.08086270999956,265.0833217600002
44256,STARLINK-42,2020-09-16,1186,19.48835721558754,2.495666330373637,19.48835721558754,1.0,0.2774030354131535,1.0,0.9032,0.3553789207419899,0.8375,0,0.0,455.7320057799998,455.7320057799998,455.7320057799998,290.7499884300005
44270,STARLINK-58,2020-08-23,1069,21.079773761462327,2.7134356315157926,21.028651175469104,1.0,0.28961646398503277,1.0,0.9065,0.3468649204864359,0.8477,0,0.0,433.9480091300002,433.9480091300002,269.0833217600002,267.0833217600002
44273,STARLINK-60,2020-12-26,1232,23.105088705790273,1.6348464087377148,23.105088705790273,1.0,0.1064935064935065,1.0,0.9069,0.2647258928571428,0.8424,0,0.0,559.8783011599999,321.8243305799997,21.709506520000105,16.088028970000778
44284,STARLINK-73,2020-09-28,1200,25.50420083433203,2.142694616062242,25.50420083433203,1.0,0.215,1.0,0.9083,0.26093058333333335,0.8392,3,0.25,465.11969234999924,464.8541294200004,463.1943660099996,303.41665508999995
44285,STARLINK-50,2020-09-17,1139,18.5437030072214,2.110333407415275,14.687301686289779,1.0,0.21861281826163298,0.8,0.9047,0.2555539947322213,0.9024,2,0.18,451.41792670000086,295.41665508999995,293.7499884300005,292.41665508999995
44286,STARLINK-75,2021-03-28,1583,19.46922308675229,1.5730233317784983,19.46922308675229,1.0,0.1867340492735313,1.0,0.9034,0.2756594440934934,0.8479,1,0.06,649.8339542600006,649.8339542600006,613.3213261399997,432.0833217600002
44288,STARLINK-79,2020-10-03,1157,35.410100726751736,2.21507311910371,13.75513140238965,1.0,0.22212618841832324,0.8,0.9057,0.26354209161624886,0.9012,1,0.09,450.301166700001,450.301166700001,450.301166700001,448.30956786000024
44290,STARLINK-78,2020-09-16,1139,15.426270589971274,2.3200702873238495,9.220143653051888,1.0,0.24723441615452152,1.0,0.9049,0.27652712906057947,0.9014,0,0.0,433.49925213000006,433.49925213000006,433.49925213000006,433.49925213000006
44293,STARLINK-74,2020-09-29,1206,19.208672795349997,2.068044591430323,17.782644812179427,1.0,0.22437810945273629,1.0,0.9064,0.2546575456053068,0.8745,3,0.25,464.88358396999956,464.88358396999956,464.88358396999956,304.0833217600002
44294,STARLINK-53,2020-09-26,1198,28.487443688388115,2.0505780372264146,28.487443688388115,1.0,0.20417362270450748,0.8,0.9101,0.2533572621035059,0.8988,1,0.08,467.8761905800002,467.8761905800002,303.41665508999995,301.74997685000017
44722,STARLINK-1016,2023-02-09,3197,18.93533961951147,0.6581152026936149,18.93533961951147,1.0,0.05179856115107914,1.0,0.9064,0.09359039724741947,0.879,2,0.06,1168.4999884300005,1055.3333217600002,65.10779850000108,64.08332175999931
44745,STARLINK-1040,2020-09-03,839,27.707706077348043,2.6744919966902736,27.707706077348043,1.0,0.28843861740166865,0.8,0.9027,0.409730274135876,0.8981,0,0.0,272.4999884300005,267.41665508999995,53.745617340000535,22.82764339000005
44929,STARLINK-1121,2023-03-09,3095,2.1597870407405573,0.1668384780942621,0.057705452548041866,0.2,0.0010339256865912762,0.0,0.2372,0.03799037156704362,0.0323,0,0.0,1114.9999884300005,,,
44935,STARLINK-1072,2021-11-23,1887,26.41394817201548,1.2336524573243879,26.41394817201548,1.0,0.10673025967143614,1.0,0.9047,0.14531112877583463,0.836,1,0.05,667.7499884300005,99.9809356400001,98.98898290000034,98.39441114000056
44947,STARLINK-1116,2023-06-09,3338,51.335312699712475,0.6470984820243503,51.335312699712475,1.0,0.03367285799880168,1.0,0.9055,0.07252420611144399,0.9014,0,0.0,1230.0833217600002,1156.41665509,74.99998842999958,73.99998842999958
44963,STARLINK-1085,2023-04-04,3012,49.44278586677871,0.9238281873761046,49.44278586677871,1.0,0.06879150066401063,1.0,0.903,0.17033837981407698,0.9021,2,0.07,1163.7499884300005,1104.7499884300005,71.5905478800014,28.72665482999946
45046,STARLINK-1129,2023-04-27,1966,36.75909285750658,1.1502983407426757,36.75909285750658,1.0,0.07151576805696848,1.0,0.9062,0.17153118006103768,0.8964,0,0.0,1135.0833217600002,1125.41665509,1122.7499884300005,88.82252660999984
45063,STARLINK-1178,2021-10-31,1101,23.15907246383619,1.643839805626923,23.15907246383619,1.0,0.1371480472297911,0.8,0.9044,0.16888982742960945,0.8751,1,0.09,590.0833217600002,582.41665509,580.41665509,92.07015778000005
45069,STARLINK-1163,2021-08-19,970,41.05654407643038,1.9741888294936556,41.05654407643038,1.0,0.1154639175257732,0.8,0.9052,0.14119061855670104,0.8987,2,0.21,535.0833217600002,482.7499884300005,477.0833101900007,64.06716577999941
45070,STARLINK-1164,2021-07-30,933,26.893662967439838,1.9681299992489818,26.893662967439838,1.0,0.13419078242229368,1.0,0.9067,0.17159785637727762,0.8449,3,0.32,523.4117998699994,523.4117998699994,81.4387924800003,80.91099640000084
45086,STARLINK-1181,2023-05-18,1979,28.85999190080338,1.0102672069561738,28.85999190080338,1.0,0.07812026275896918,0.8,0.9033,0.17026760990399192,0.8979,1,0.05,1180.41665509,1180.41665509,1062.4166435200004,53.05396092000046
45091,STARLINK-1127,2021-08-26,987,21.65174224526971,1.9503964735810124,21.65174224526971,1.0,0.14630192502532927,1.0,0.9034,0.19156524822695034,0.844,4,0.41,550.4724412600008,550.4724412600008,433.41665508999995,107.72606128000007
45218,STARLINK-1105,2021-06-16,1468,18.939075034966105,1.8076366987796777,7.281362437024643,1.0,0.14141689373297003,1.0,0.906,0.21020088555858313,0.8515,1,0.07,468.4782868300008,468.4782868300008,459.0833217600002,124.87826270999994
45231,STARLINK-1229,2022-10-23,2807,19.520520185131204,0.9855817428443189,19.520520185131204,1.0,0.09013181332383327,1.0,0.905,0.16006334164588526,0.8348,0,0.0,961.2798990699994,961.2798990699994,953.0833217600002,495.7314265800005
45363,STARLINK-1311,2020-09-25,472,13.999163947526446,3.0729517156836166,13.999163947526446,1.0,0.39491525423728807,1.0,0.9039,0.46697330508474577,0.9024,0,0.0,163.46309757999916,163.46309757999916,162.37729124999987,25.220719299999473
45533,STARLINK-1339,2022-09-11,2525,15.390808019399548,1.061368494829217,15.390808019399548,1.0,0.10225742574257425,0.8,0.9037,0.18411611881188117,0.8804,2,0.08,853.7499884300005,853.7499884300005,134.5057453899999,28.874259689999235
45537,STARLINK-1353,2023-02-21,2633,30.929414029295856,1.0196068552158521,30.929414029295856,1.0,0.07352829472085075,1.0,0.9044,0.18094379035320926,0.9011,0,0.0,1019.1666435200004,1019.1666435200004,1019.1666435200004,33.493171070000244
45575,STARLINK-1326,2023-06-03,2928,21.9550081344737,1.015090187127849,21.9550081344737,1.0,0.0880464480874317,1.0,0.9046,0.19000385928961747,0.844,0,0.0,1121.9999884300005,1121.9999884300005,1121.9999884300005,82.95539456000006
45737,STARLINK-1473,2021-06-28,1322,16.3994751023846,1.7446287965987293,16.3994751023846,1.0,0.15763993948562782,1.0,0.9083,0.22221891074130104,0.8758,7,0.53,372.0833101900007,372.0833101900007,369.0833217600002,351.0833217600002
45765,STARLINK-1508,2021-10-25,1515,16.978159780747625,1.7076654569596907,16.978159780747625,1.0,0.21003300330033003,1.0,0.9021,0.24641333333333332,0.8797,0,0.0,490.7499884300005,490.7499884300005,487.4999884300005,89.9254977799992
46367,STARLINK-1652,2021-07-25,947,762.9890412187865,4.204398760590537,17.750156300123436,1.0,0.22048574445617738,0.8,0.9053,0.2622272439281943,0.8802,0,0.0,304.16665508999995,268.8333217600002,77.23767066999972,76.64318892000028
46369,STARLINK-1662,2021-11-23,1314,38.164595446440856,1.7812820150724438,38.164595446440856,1.0,0.16118721461187216,1.0,0.9073,0.2049849315068493,0.8994,0,0.0,425.0833217600002,143.30009808999966,142.37410030999945,141.18515687000036
46373,STARLINK-1691,2021-08-17,978,16.902019047353953,2.2648623340611165,15.291683949083993,1.0,0.22781186094069528,0.8,0.9036,0.2608251533742331,0.872,2,0.2,324.4999305599995,100.40708818999974,99.87815299000067,98.29347409000002
46381,STARLINK-1768,2021-09-12,1181,22.971463122540825,1.7991966110814521,22.971463122540825,1.0,0.185774767146486,1.0,0.9055,0.24610448772226928,0.8438,0,0.0,352.3333217600002,70.63174728000013,69.12344355999994,67.68286030000036
46695,STARLINK-1794,2021-09-29,1005,16.433686907564795,2.3206102928858012,16.433686907564795,1.0,0.2776119402985075,1.0,0.9065,0.32094736318407957,0.8775,0,0.0,318.0833101900007,281.41664352000043,270.0833217600002,138.23556678000023
46708,STARLINK-1809,2022-06-05,1619,20.090161637002183,1.5293829181214342,20.090161637002183,1.0,0.15972822730080297,1.0,0.9072,0.23997813465101914,0.8468,0,0.0,565.41665509,252.26873496999997,251.7401896499996,250.35445252999943
46739,STARLINK-1847,2021-07-14,807,19.755718204083294,3.1346644348354613,19.755718204083294,1.0,0.3893432465923172,1.0,0.9041,0.4190706319702603,0.8413,2,0.25,235.11504806999983,234.41665508999995,234.08332176000022,132.08332176000022
46761,STARLINK-1897,2021-08-23,882,23.74054831134923,2.6440425302010744,23.74054831134923,1.0,0.30702947845804984,1.0,0.9049,0.3240348072562359,0.8417,1,0.11,275.11192761999973,274.7499884300005,97.08423368999956,94.51269396000043
46769,STARLINK-1919,2022-04-08,1506,17.771476013866128,1.497730098372109,17.771476013866128,1.0,0.18247011952191233,0.8,0.9019,0.2328748339973439,0.8784,0,0.0,502.7499884300005,501.91664352000043,149.55985208000038,148.1719569200004
46774,STARLINK-1939,2022-04-16,1306,4.745202001860928,0.48341025050644165,0.4761208886281898,0.4,0.0071975497702909666,0.0,0.2389,0.10319050535987748,0.094,3,0.23,509.16665508999995,,,
46795,STARLINK-1943,2021-12-20,1279,26.544631621128072,1.817924584792393,26.544631621128072,1.0,0.20609851446442534,1.0,0.9028,0.26040226739640343,0.8961,2,0.16,393.41665508999995,393.0833217600002,392.41665508999995,142.27059160000044
47123,STARLINK-1779,2021-08-26,869,16.42759367066867,2.714451968857682,16.42759367066867,1.0,0.3063291139240506,1.0,0.906,0.3429436133486767,0.881,1,0.12,255.74998843000049,216.58332176000022,100.50716839000052,98.1317083999993
47130,STARLINK-1839,2023-05-03,2917,22.7735477051283,1.0134953461220153,22.7735477051283,1.0,0.10092560850188549,1.0,0.9042,0.14904689749742886,0.841,0,0.0,870.8333217600002,206.641134649999,204.6549925299987,203.26687915000002
47156,STARLINK-1870,2022-04-24,1545,33.69726945731043,1.3296438469225214,33.69726945731043,1.0,0.14718446601941748,0.8,0.9001,0.22460647249190938,0.9001,0,0.0,500.0833101900007,223.57525050999902,221.4289913399998,220.13035671000034
47180,STARLINK-1914,2021-10-30,1004,22.769734047887077,2.0960140460181704,22.769734047887077,1.0,0.249601593625498,1.0,0.9054,0.27709352589641434,0.8403,0,0.0,320.7499884300005,89.23114146999978,87.51024333000078,86.25459196999964
47349,STARLINK-1952,2022-09-17,1865,44.342616455536415,1.4354961824087094,44.342616455536415,1.0,0.13233243967828417,1.0,0.9063,0.19146219839142092,0.904,2,0.11,581.8333217600002,388.39329292,387.26918235999983,385.6194780099995
47364,STARLINK-2079,2021-12-14,918,32.871249808784114,2.406126442094767,32.871249808784114,1.0,0.19673202614379084,1.0,0.9076,0.22494106753812637,0.8907,0,0.0,305.0833101900007,48.777315559999806,47.98389593999946,46.99300861999927
47413,STARLINK-2199,2021-12-17,925,14.098591902047398,2.072172680215136,14.002285497636128,1.0,0.1878918918918919,1.0,0.9073,0.22051891891891895,0.8964,0,0.0,314.8333217600002,215.12855359999958,214.3389962000001,210.25553300000047
47569,STARLINK-1968,2022-12-10,1858,26.107994272428016,1.3387486732802227,26.107994272428016,1.0,0.1518837459634015,1.0,0.9013,0.22808815931108722,0.8438,0,0.0,638.7499884300005,637.1666435200004,410.6069418900006,397.3564068699998
47669,STARLINK-2060,2023-07-14,2314,25.193156510258753,1.084294318717626,25.193156510258753,1.0,0.0826274848746759,1.0,0.9016,0.1766490492653414,0.8964,3,0.13,863.3333217600002,175.60070986999926,89.80192504000115,23.238631750000422
47678,STARLINK-2091,2021-10-31,764,26.480633383290392,1.4264941815257433,26.480633383290392,1.0,0.1057591623036649,1.0,0.9027,0.19081439790575916,0.8955,4,0.52,242.16665508999995,28.66665508999995,27.083310190000702,25.41665508999995
47765,STARLINK-2183,2022-04-30,1203,21.76097136641531,1.63501269186265,21.76097136641531,1.0,0.20166251039068994,1.0,0.9033,0.23768038237738986,0.8489,2,0.17,402.16664352000043,86.51043696999932,84.19570351999937,82.2150121499999
47893,STARLINK-2353,2021-07-11,345,20.774963964654248,2.938055107361978,20.774963964654248,1.0,0.24869565217391304,1.0,0.9094,0.3418417391304348,0.846,0,0.0,94.08332176000022,44.08332176000022,43.08332176000022,41.58332176000022
47987,STARLINK-2311,2021-12-20,798,36.42267993188887,1.4678964417341793,36.42267993188887,1.0,0.1280701754385965,1.0,0.9047,0.20292243107769423,0.8944,0,0.0,248.08332176000022,99.3333101900007,98.08332176000022,26.083321760000217
47988,STARLINK-2306,2022-08-21,1582,18.13254798950611,1.8550598266743368,18.13254798950611,1.0,0.21858407079646014,0.8,0.9053,0.2840293299620733,0.8731,2,0.13,491.8333101900007,409.12056972999926,260.9095648900002,207.12946769000064
48001,STARLINK-2262,2021-11-29,753,17.472633281616275,1.2767012007805951,17.472633281616275,1.0,0.10092961487383798,0.8,0.9032,0.18177954847277555,0.8729,0,0.0,226.16664352000043,26.41665508999995,24.999988430000485,23.749988430000485
48012,STARLINK-2216,2023-04-08,2086,42.69615245740699,1.3895672590995187,42.69615245740699,1.0,0.13547459252157237,1.0,0.9026,0.22917425695110258,0.9013,1,0.05,721.0833101900007,445.1380135500003,441.1684141699998,401.52417885999967
48017,STARLINK-2239,2022-07-11,1350,40.47938826885219,1.9723075416751272,40.47938826885219,1.0,0.23985185185185187,1.0,0.903,0.29545622222222223,0.903,2,0.15,450.16664352000043,387.41665508999995,233.66889440000068,229.83634121999967
48601,STARLINK-2276,2021-08-25,252,23.308192692471167,7.613645901079772,23.308192692471167,1.0,0.7380952380952381,1.0,0.906,0.7444801587301586,0.8439,0,0.0,81.16665508999995,81.16665508999995,81.16665508999995,81.16665508999995
52099,STARLINK-3662,2022-04-17,68,18.693554328656543,4.465052089230042,18.693554328656543,1.0,0.6647058823529413,1.0,0.9056,0.6194823529411765,0.8751,0,0.0,17.416643520000434,17.416643520000434,13.499988430000485,4.0581179099999645
52104,STARLINK-3693,2022-04-18,72,20.80425288904722,4.4202437077179315,20.80425288904722,1.0,0.6222222222222222,1.0,0.8984,0.6126333333333335,0.8514,0,0.0,18.083321760000217,18.083321760000217,14.166643520000434,4.48040028000014
52130,STARLINK-3710,2022-04-17,59,21.849968382670106,4.712591596904938,21.849968382670106,1.0,0.6067796610169491,1.0,0.9028,0.6243966101694913,0.8403,0,0.0,16.499988430000485,16.499988430000485,14.083310190000702,3.8109948199999053
53710,STARLINK-4696,2022-10-24,162,10.588977336093324,4.670472413004038,9.754467579939396,1.0,0.5975308641975309,0.8,0.9035,0.6288956790123457,0.8968,0,0.0,33.749988429999576,33.749988429999576,23.333321759999308,16.41665509000086
53725,STARLINK-4704,2022-10-30,151,14.77090872460624,4.287931576235469,14.77090872460624,1.0,0.609271523178808,1.0,0.9048,0.6178721854304635,0.9026,0,0.0,38.41665509000086,38.41665509000086,29.543569139999818,15.54368784000144
53747,STARLINK-4657,2022-10-07,67,14.168548336892439,8.383589315731056,14.168548336892439,1.0,0.8417910447761194,1.0,0.9057,0.8595671641791045,0.8767,0,0.0,16.41665509000086,16.41665509000086,16.41665509000086,16.083310190000702
53791,STARLINK-4736,2022-11-14,159,25.201534995707256,5.8012378286044015,25.201534995707256,1.0,0.7547169811320754,1.0,0.9054,0.738008176100629,0.8502,0,0.0,43.857930770000166,43.857930770000166,43.29024836999997,31.386068599998907
54057,STARLINK-5216,2023-04-06,425,18.254495728936185,2.648311148775691,18.254495728936185,1.0,0.3275294117647059,0.8,0.8994,0.426176705882353,0.8747,0,0.0,150.74998842999958,119.05068845999995,79.60228841000026,28.083321759999308
55356,STARLINK-5083,2023-03-23,97,66.59308288090574,3.7926813696808868,26.57439008565608,1.0,0.12164948453608249,0.8,0.9032,0.20649690721649486,0.8976,0,0.0,31.20756633000019,9.485935149999932,9.485935149999932,8.5393829500008
55696,STARLINK-30038,2023-05-12,183,23.92463354689233,4.469306378580154,23.92463354689233,1.0,0.5770491803278688,1.0,0.9041,0.603304918032787,0.8401,0,0.0,61.490547049999805,58.35904495000068,57.08332175999931,56.08332175999931
55711,STARLINK-30048,2023-06-04,228,32.556687850060584,5.367443230155373,32.556687850060584,1.0,0.6087719298245614,1.0,0.9046,0.6194078947368422,0.8936,0,0.0,84.17789839000034,80.08332175999931,79.41665509000086,47.08332175999931
56829,STARLINK-30139,2023-07-07,46,35.240324280306446,10.712694457705403,35.240324280306446,1.0,0.8521739130434783,1.0,0.9038,0.8436304347826088,0.9038,0,0.0,19.41665509000086,19.41665509000086,19.41665509000086,19.41665509000086
